(u'497118', [u'2016071300114003', u'P', u'1', u'TIHT COMMERCIAL LLC', u'C/O THE TRUMP ORGANIZATION', u'725 FIFTH AVENUE', u'US', u'NEW YORK', u'NY', u'10022', u'07/31/2016 12:00:00 AM', u'2017022101414001', u'A', u'2017000072573', u'1', u'ASST', u'12/03/2016', u'0', u'02/22/2017', u'02/22/2017', u'0', u'0', u'0', u'0', u'02/28/2017'])
(u'1036607', [u'2017012600962001', u'P', u'1', u'TRUMP DONALD J', u'725 FIFTH AVENUE', u'', u'US', u'NEW YORK', u'NY', u'10022', u'01/31/2017 12:00:00 AM', u'BK_8040130400519', u'A', u'', u'4', u'PAT', u'12/15/1980', u'0', u'12/15/1980', u'12/15/1980', u'1980', u'1304', u'519', u'0', u'07/31/2015'])
(u'900593', [u'2016092900808002', u'P', u'2', u'220 RIVERSIDE BOULEVARD AT TRUMP PLACE CONDOMINIUM', u'220 RIVERSIDE BOULEVARD', u'', u'US', u'NEW YORK', u'NY', u'10069', u'10/31/2016 12:00:00 AM', u'2015041100042001', u'A', u'2015000135511', u'4', u'SAT', u'04/09/2015', u'0', u'04/22/2015', u'04/22/2015', u'0', u'0', u'0', u'0', u'07/31/2015'])
(u'648594', [u'2016052400227003', u'P', u'2', u'200 RIVERSIDE BOULEVARD AT TRUMP PLACE', u'C/O BOARD OF MANAGERS', u'200 RIVERSIDE BLVD', u'US', u'NEW YORK', u'NY', u'10069', u'06/30/2016 12:00:00 AM', u'2015100501154005', u'A', u'2015000364906', u'4', u'AGMT', u'09/10/2015', u'260200', u'10/13/2015', u'10/13/2015', u'0', u'0', u'0', u'0', u'10/31/2015'])
(u'1064742', [u'2016120900790001', u'P', u'1', u'TRUMP CPS LLC', u'C/O THE TRUMP ORGANIZATION', u'725 FIFTH AVENUE 26TH FLOOR', u'US', u'NEW YORK', u'NY', u'10022', u'01/31/2017 12:00:00 AM', u'BK_8030116700210', u'A', u'', u'3', u'ASST', u'06/17/1980', u'0', u'06/17/1980', u'06/17/1980', u'1980', u'1167', u'210', u'0', u'07/31/2015'])
(u'382611', [u'2016052500946004', u'P', u'2', u'120 RIVERSIDE BOULEVARD AT TRUMP PLACE', u'120 RIVERSIDE BOULEVARD', u'', u'US', u'NEW YORK', u'NY', u'10069', u'06/30/2016 12:00:00 AM', u'2016101101429003', u'A', u'2016000377874', u'3', u'MTGE', u'09/27/2016', u'76592.35', u'10/26/2016', u'10/26/2016', u'0', u'0', u'0', u'0', u'10/31/2016'])
(u'44758', [u'2016022600921002', u'P', u'2', u'BD OF MGRS OF 120 RIVERSIDE BLVD  AT TRUMP PLACE', u'120 RIVERSIDE BOULEVARD', u'', u'US', u'NEW YORK', u'NY', u'10069', u'03/31/2016 12:00:00 AM', u'2015110600808001', u'A', u'2015000410193', u'2', u'MTGE', u'11/02/2015', u'7332.58', u'11/18/2015', u'11/18/2015', u'0', u'0', u'0', u'0', u'11/30/2015'])
(u'992052', [u'2016121400161002', u'P', u'1', u'TRUMP PRESIDENTIAL INC', u'', u'', u'', u'', u'', u'', u'01/31/2017 12:00:00 AM', u'FT_4130002356813', u'A', u'', u'4', u'ASST', u'', u'0', u'08/04/1987', u'08/04/1987', u'1987', u'2422', u'2000', u'0', u'07/31/2015'])
(u'59312', [u'2016050400597001', u'P', u'2', u'RESIDENTIAL BOARD OF MANAGERS OF TRUMP TOWER CONDO', u'725 FIFTH AVENUE', u'', u'US', u'NEW YORK', u'NY', u'10022', u'05/31/2016 12:00:00 AM', u'2015121601336001', u'A', u'2015000451284', u'1', u'AGMT', u'09/29/2009', u'213675', u'12/21/2015', u'12/21/2015', u'0', u'0', u'0', u'0', u'12/31/2015'])
(u'621637', [u'2016050901280004', u'P', u'2', u'THE CONDO BOARD OF 200 RIVERSIDE BLVD AT TRUMP PL', u'200 RIVERSIDE BOULEVARD', u'', u'US', u'NEW YORK', u'NY', u'10069', u'05/31/2016 12:00:00 AM', u'2015090100447005', u'A', u'2015000318733', u'1', u'AL&R', u'08/28/2015', u'325000', u'09/11/2015', u'09/11/2015', u'0', u'0', u'0', u'0', u'09/30/2015'])
(u'34979', [u'2016020200956001', u'P', u'2', u'BOARD OF MANAGERS-200 RIVERSIDE BOULEVARD AT TRUMP', u'PLACE', u'725 FIFTH AVENUE 16TH FLOOR', u'US', u'NEW YORK', u'NY', u'10022', u'02/29/2016 12:00:00 AM', u'2015112000567001', u'A', u'2015000421083', u'1', u'DEED', u'11/16/2015', u'1050000', u'11/27/2015', u'11/27/2015', u'0', u'0', u'0', u'100', u'11/30/2015'])
(u'1031388', [u'2017011700432001', u'P', u'1', u'TRUMP PALACE / PARC LLC', u'ATTN: LEGAL DEPT.', u'725 FIFTH AVENUE', u'US', u'NEW YORK', u'NY', u'10022', u'01/31/2017 12:00:00 AM', u'2007020101470005', u'A', u'2007000092958', u'1', u'PREL', u'01/23/2007', u'0', u'02/16/2007', u'02/16/2007', u'0', u'0', u'0', u'0', u'07/31/2015'])
(u'2778', [u'2016101800842001', u'P', u'2', u'BOARD OF MANAGERS OF THE HERITAGE AT TRUMP PLACE C', u'240 RIVERSIDE BOULEVARD', u'', u'US', u'NEW YORK', u'NY', u'10023', u'10/31/2016 12:00:00 AM', u'2004021900890002', u'A', u'2004000268294', u'3', u'AL&R', u'02/06/2004', u'0', u'04/30/2004', u'04/30/2004', u'0', u'0', u'0', u'0', u'07/31/2015'])
(u'899066', [u'2016050200571001', u'P', u'1', u'TRUMP VILLAGE SECTION 4 INC.', u'2928 WEST 5TH STREET', u'C/O MANAGEMENT OFFICE', u'US', u'BROOKLYN', u'NY', u'11224', u'05/31/2016 12:00:00 AM', u'FT_2470000795647', u'A', u'', u'2', u'DEED', u'09/27/1990', u'0', u'11/26/1990', u'11/26/1990', u'1990', u'1018', u'1423', u'0', u'07/31/2015'])
(u'65013', [u'2016091200254001', u'P', u'1', u'STRUMPH CAROLE', u'', u'', u'', u'', u'', u'', u'09/30/2016 12:00:00 AM', u'2015112501179001', u'A', u'2015000435934', u'1', u'DEED', u'11/23/2015', u'959191.5', u'12/09/2015', u'12/09/2015', u'0', u'0', u'0', u'100', u'12/31/2015'])
(u'500384', [u'2016042800814002', u'P', u'2', u'TRUMP PARC EAST CONDOMINIUM BOARD OF MANAGERS', u'100 CENTRAL PARK SOUTH', u'', u'US', u'NEW YORK', u'NY', u'10019', u'05/31/2016 12:00:00 AM', u'2017020101419001', u'A', u'2017000046112', u'1', u'ASST', u'01/31/2017', u'0', u'02/02/2017', u'02/02/2017', u'0', u'0', u'0', u'0', u'02/28/2017'])
(u'1099495', [u'2017022300040002', u'P', u'1', u'TRUMP PARK AVENUE LLC', u'725 FIFTH AVENUE', u'', u'US', u'NEW YORK', u'NY', u'10022', u'02/28/2017 12:00:00 AM', u'2008032601722001', u'A', u'2008000154276', u'3', u'DEED', u'03/25/2008', u'614040', u'04/17/2008', u'04/17/2008', u'0', u'0', u'0', u'100', u'07/31/2015'])
(u'291633', [u'2016061700772001', u'P', u'2', u'BOARD OF MANAGERS OF TRUMP INTERNATIONAL HOTEL & T', u'ONE CENTRAL PARK WEST', u'', u'US', u'NEW YORK', u'NY', u'10023', u'07/31/2016 12:00:00 AM', u'2016062100071001', u'A', u'2016000223471', u'1', u'RPTT&RET', u'06/20/2016', u'400000', u'07/01/2016', u'07/01/2016', u'0', u'0', u'0', u'100', u'07/31/2016'])
(u'235770', [u'2016071300114004', u'P', u'1', u'TIHT COMMERCIAL LLC', u'C/O THE TRUMP ORGANIZATION', u'725 FIFTH AVENUE', u'US', u'NEW YORK', u'NY', u'10022', u'07/31/2016 12:00:00 AM', u'2016050600736001', u'A', u'2016000168285', u'1', u'TOLCC', u'04/04/2016', u'0', u'05/17/2016', u'05/17/2016', u'0', u'0', u'0', u'0', u'05/31/2016'])
(u'795564', [u'2016060301127002', u'P', u'2', u'BOARD OF MANAGERS OF THE TRUMP WORLD TOWER CONDOMI', u'845 UNITED NATIONS PLAZA', u'', u'US', u'NEW YORK', u'NY', u'10017', u'07/31/2016 12:00:00 AM', u'2005011801607001', u'A', u'2005000080388', u'4', u'SAT', u'12/03/2004', u'0', u'02/08/2005', u'02/08/2005', u'0', u'0', u'0', u'0', u'07/31/2015'])
(u'1034933', [u'2017012701324001', u'P', u'1', u'TRUMP  DONALD J', u'725 FIFTH AVENUE', u'', u'US', u'NEW YORK', u'NY', u'10022', u'01/31/2017 12:00:00 AM', u'FT_4850002156885', u'A', u'', u'4', u'MTGE', u'', u'15000', u'12/24/1985', u'12/24/1985', u'1985', u'1993', u'639', u'0', u'07/31/2015'])
(u'354915', [u'2016061401643002', u'P', u'2', u'THE TRUMP WORLD TOWER CONDOMINIUM', u'845 UNITED NATIONS PLAZA', u'', u'US', u'NEW YORK', u'NY', u'10017', u'07/31/2016 12:00:00 AM', u'2016092100346002', u'A', u'2016000339113', u'1', u'PAT', u'04/23/2016', u'0', u'09/28/2016', u'09/28/2016', u'0', u'0', u'0', u'0', u'09/30/2016'])
(u'55916', [u'2016111701251004', u'P', u'2', u'TRUMP PALACE CONDOMINIUM', u'200 EAST 69TH STREET', u'', u'US', u'NEW YORK', u'NY', u'10021', u'11/30/2016 12:00:00 AM', u'2015112400058004', u'A', u'2015000427662', u'4', u'AL&R', u'11/12/2015', u'2220000', u'12/03/2015', u'12/03/2015', u'0', u'0', u'0', u'0', u'12/31/2015'])
(u'443585', [u'2016062801628002', u'P', u'2', u'200 RIVERSIDE BOULEVARD AT TRUMP PLACE', u'200 RIVERSIDE BOULEVARD', u'', u'US', u'NEW YORK', u'NY', u'10069', u'07/31/2016 12:00:00 AM', u'2016123000515001', u'A', u'2016000465635', u'1', u'DEED TS', u'12/22/2016', u'90550', u'12/30/2016', u'12/30/2016', u'0', u'0', u'0', u'100', u'12/31/2016'])
(u'637180', [u'2016101000537003', u'P', u'2', u'BOARD OF MANAGERS OF HERITAGE AT TRUMP PLACE CONDO', u'240 RIVERSIDE BOULEVARD', u'', u'US', u'NEW YORK', u'NY', u'10069', u'10/31/2016 12:00:00 AM', u'2015101400098001', u'A', u'2015000377522', u'4', u'SAT', u'10/13/2015', u'0', u'10/22/2015', u'10/22/2015', u'0', u'0', u'0', u'0', u'10/31/2015'])
(u'223385', [u'2016070701284003', u'P', u'2', u'CONDOMINIUM BOARD', u'TRUMP INTERNATIONAL HOTEL AND TOWER CONDOMINIUM', u'ONE CENTRAL PARK WEST', u'US', u'NEW YORK', u'NY', u'10023', u'07/31/2016 12:00:00 AM', u'2016051100980001', u'A', u'2016000173582', u'3', u'PAT', u'04/30/2016', u'0', u'05/20/2016', u'05/20/2016', u'0', u'0', u'0', u'0', u'05/31/2016'])
(u'437557', [u'2016072200462003', u'P', u'2', u'TRUMP TOWER CONDOMINIUM', u'771 5TH AVENUE', u'', u'US', u'NEW YORK', u'NY', u'10022', u'07/31/2016 12:00:00 AM', u'2016101101077001', u'A', u'2016000426926', u'1', u'DEED', u'09/26/2016', u'650000', u'12/05/2016', u'12/05/2016', u'0', u'0', u'0', u'100', u'12/31/2016'])
(u'1227812', [u'2017030101257003', u'P', u'1', u'TRUMP PRESIDENTIAL INC.', u'55 WALL STREET', u'UNIT 506', u'US', u'NEW YORK', u'NY', u'10005', u'03/31/2017 12:00:00 AM', u'FT_4620002235262', u'A', u'', u'4', u'MTGE', u'', u'200000', u'09/09/1986', u'09/09/1986', u'1986', u'2172', u'1830', u'0', u'07/31/2015'])
(u'1233909', [u'2017030600438004', u'P', u'2', u'CONDOMINIUM BOARD', u'TRUMP TOWER CONDOMINIUM', u'721 FIFTH AVENUE', u'US', u'NEW YORK', u'NY', u'10022', u'03/31/2017 12:00:00 AM', u'FT_1930005085493', u'A', u'', u'1', u'DEED', u'03/11/1996', u'0', u'03/21/1996', u'03/21/1996', u'1996', u'2305', u'1431', u'0', u'07/31/2015'])
(u'905293', [u'2016051600273001', u'P', u'2', u'THE CONDOMINIUM BOARD OF TRUMP PARK AVENUE', u'CONDOMINIUM', u'502 PARK AVENUE', u'US', u'NEW YORK', u'NY', u'10022', u'05/31/2016 12:00:00 AM', u'FT_4800001967980', u'A', u'', u'4', u'MTGE', u'', u'1250000', u'10/04/1983', u'10/04/1983', u'1983', u'1581', u'1796', u'0', u'07/31/2015'])
(u'940074', [u'2016072000446002', u'P', u'2', u'220 RIVERSIDE BOULEVARD AT TRUMP PLACE', u'220 RIVERSIDE BOULEVARD', u'', u'US', u'NEW YORK', u'NY', u'10069', u'10/31/2016 12:00:00 AM', u'FT_1000000039200', u'A', u'', u'1', u'PAT', u'', u'0', u'09/02/1983', u'09/02/1983', u'1983', u'714', u'1555', u'0', u'07/31/2015'])
(u'1034434', [u'2017013000262001', u'P', u'1', u'TRUMP DONALD  J', u'725 FIFTH AVENUE', u'', u'US', u'NEW YORK', u'NY', u'10022', u'01/31/2017 12:00:00 AM', u'FT_3090007306109', u'A', u'', u'3', u'PAT', u'', u'0', u'08/18/2000', u'08/28/2000', u'2000', u'4945', u'2018', u'0', u'07/31/2015'])
(u'742005', [u'2016102500590004', u'P', u'2', u'THE HERITAGE AT TRUMP PLACE CONDOMINIUM', u'240 RIVERSIDE BLVD', u'', u'US', u'NEW YORK', u'NY', u'10069', u'11/30/2016 12:00:00 AM', u'FT_4350004945235', u'A', u'', u'4', u'DEED', u'10/02/1995', u'0', u'12/04/1995', u'01/18/1996', u'1995', u'4233', u'1768', u'0', u'07/31/2015'])
(u'253471', [u'2016082600543001', u'P', u'2', u'BOARD OF MANAGERS OF THE HERITAGE AT TRUMP PLACE C', u'240 RIVERSIDE BOULEVARD', u'', u'US', u'NEW YORK', u'NY', u'10023', u'08/31/2016 12:00:00 AM', u'2016041301104001', u'A', u'2016000187654', u'1', u'ZONE', u'03/10/2016', u'0', u'06/03/2016', u'06/03/2016', u'0', u'0', u'0', u'0', u'06/30/2016'])
(u'294321', [u'2016010700842003', u'P', u'2', u'THE TRUMP WORLD TOWER CONDOMINIUM', u'845 UNITED NATIONS PLAZA', u'', u'US', u'NEW YORK', u'NY', u'10017', u'01/31/2016 12:00:00 AM', u'2016062201400001', u'A', u'2016000223202', u'4', u'SAT', u'06/23/2016', u'0', u'07/01/2016', u'07/01/2016', u'0', u'0', u'0', u'0', u'07/31/2016'])
(u'1226212', [u'2017032300940003', u'P', u'2', u'BOARD OF MANAGERS OF 200 RIVERSIDE BLVD AT', u'TRUMP PLACE', u'200 RIVERSIDE BLVD', u'US', u'NEW YORK', u'NY', u'10069', u'03/31/2017 12:00:00 AM', u'2012101001224003', u'A', u'2012000421115', u'1', u'AGMT', u'10/04/2012', u'5500000', u'10/24/2012', u'10/24/2012', u'0', u'0', u'0', u'0', u'07/31/2015'])
(u'1034435', [u'2017013000262001', u'P', u'2', u'THE DONALD J. TRUMP REVOCABLE TRUST', u'725 FIFTH AVENUE', u'', u'US', u'NEW YORK', u'NY', u'10022', u'01/31/2017 12:00:00 AM', u'2007051600065001', u'A', u'2007000262413', u'3', u'MTGE', u'05/03/2007', u'230000', u'05/21/2007', u'05/21/2007', u'0', u'0', u'0', u'0', u'07/31/2015'])
(u'184581', [u'2016112500494005', u'P', u'2', u'BOARD OF MANAGERS OF THE 220 RIVERSIDE BOULEVARD', u'AT TRUMP PLACE CONDOMINIUM', u'220 RIVERSIDE BLVD', u'US', u'NEW YORK', u'NY', u'10069', u'11/30/2016 12:00:00 AM', u'2016040701287003', u'A', u'2016000128587', u'1', u'AGMT', u'03/28/2016', u'188600', u'04/13/2016', u'04/13/2016', u'0', u'0', u'0', u'0', u'04/30/2016'])
(u'1036936', [u'2017012700489001', u'P', u'2', u'THE DONALD J. TRUMP REVOCABLE TRUST', u'725 FIFTH AVENUE', u'', u'US', u'NEW YORK', u'NY', u'10022', u'01/31/2017 12:00:00 AM', u'2004011601247003', u'A', u'2005000149928', u'2', u'MTGE', u'12/23/2003', u'900000', u'03/15/2005', u'03/15/2005', u'0', u'0', u'0', u'0', u'07/31/2015'])
(u'281754', [u'2016120901232003', u'P', u'2', u'BOARD OF MANAGERS OF THE TRUMP WORLD CONDOMINIUM', u'845 UNITED NATIONS PLAZA', u'', u'US', u'NEW YORK', u'NY', u'10017', u'12/31/2016 12:00:00 AM', u'2016061402539026', u'A', u'2016000217283', u'1', u'MTGE', u'05/26/2016', u'62133.26', u'06/28/2016', u'06/28/2016', u'0', u'0', u'0', u'0', u'07/31/2016'])
(u'259541', [u'2016120600082002', u'P', u'2', u'THE CONDOMINIUM BOARD OF', u'200 RIVERSIDE BOULEVARD AT TRUMP PLACE', u'', u'US', u'NEW YORK', u'NY', u'10069', u'12/31/2016 12:00:00 AM', u'2016072600802001', u'A', u'2016000261410', u'1', u'ASST', u'07/22/2016', u'0', u'07/29/2016', u'07/29/2016', u'0', u'0', u'0', u'0', u'07/31/2016'])
(u'1040590', [u'2017012700806006', u'P', u'2', u'BD OF MGRS OF THE TRUMP WORLD TOWER CONDOMINIUM', u'845 UNITED NATIONS PLAZA', u'', u'US', u'NEW YORK', u'NY', u'10017', u'01/31/2017 12:00:00 AM', u'BK_8130126201365', u'A', u'', u'3', u'DEED', u'09/03/1981', u'0', u'09/03/1981', u'09/03/1981', u'1981', u'1262', u'1365', u'0', u'07/31/2015'])
(u'1036935', [u'2017012700489001', u'P', u'1', u'TRUMP DONALD  J', u'725 FIFTH AVENUE', u'', u'US', u'NEW YORK', u'NY', u'10022', u'01/31/2017 12:00:00 AM', u'FT_2110000847411', u'A', u'', u'2', u'PAT', u'', u'0', u'12/02/1992', u'12/02/1992', u'1992', u'1132', u'1892', u'0', u'07/31/2015'])
(u'475310', [u'2016062002695002', u'P', u'2', u'THE CONDOMINIUM BOARD OF THE TRUMP WORLD TOWER CON', u'845 UNITED NATIONS PLAZA', u'', u'US', u'NEW YORK', u'NY', u'10017', u'07/31/2016 12:00:00 AM', u'2017010301559001', u'A', u'2017000004144', u'1', u'DEED', u'12/28/2016', u'999000', u'01/04/2017', u'01/04/2017', u'0', u'0', u'0', u'100', u'01/31/2017'])
(u'267728', [u'2016032200830003', u'P', u'2', u'THE HERITAGE AT TRUMP PLACE CONDOMINIUM', u'240 RIVERSIDE BOULEVARD', u'', u'US', u'NEW YORK', u'NY', u'10069', u'03/31/2016 12:00:00 AM', u'2016062701347001', u'A', u'2016000223844', u'1', u'DEED', u'05/03/2016', u'0', u'07/01/2016', u'07/01/2016', u'0', u'0', u'0', u'100', u'07/31/2016'])
(u'76156', [u'2016110100618002', u'P', u'2', u'CONDO BOARD 200 RIVERSIDE BOULEVARD AT TRUMP PLACE', u'200 RIVERSIDE BOULEVARD', u'', u'US', u'NEW YORK', u'NY', u'10069', u'11/30/2016 12:00:00 AM', u'2015120100692003', u'A', u'2015000433479', u'1', u'MTGE', u'11/09/2015', u'6686.25', u'12/08/2015', u'12/08/2015', u'0', u'0', u'0', u'0', u'12/31/2015'])
(u'332136', [u'2016101400420002', u'P', u'2', u'BOARD OF MANAGERS OF THE TRUMP PARC CONDOMINIUM', u'106 CENTRAL PARK SOUTH', u'', u'US', u'NEW YORK', u'NY', u'10019', u'10/31/2016 12:00:00 AM', u'2016081600546001', u'A', u'2016000341005', u'1', u'ASST', u'09/20/2016', u'0', u'09/29/2016', u'09/29/2016', u'0', u'0', u'0', u'0', u'09/30/2016'])
(u'647649', [u'2016011300883001', u'P', u'2', u'BOARD OF MANAGERS OF TRUMP WORLD TOWER CONDOMINIUM', u'845 UNITED NATIONS PLAZA APT 21-1', u'', u'US', u'NEW YORK', u'NY', u'10017', u'02/29/2016 12:00:00 AM', u'2015100601218001', u'A', u'2015000361052', u'1', u'DEED', u'09/29/2015', u'896000', u'10/08/2015', u'10/08/2015', u'0', u'0', u'0', u'100', u'10/31/2015'])
(u'766469', [u'2016062003590003', u'P', u'2', u'BD OF MGRS OF TRUMP TOWER CONDOMINIUMS', u'721 FIFTH AVENUE', u'', u'US', u'NEW YORK', u'NY', u'10022', u'07/31/2016 12:00:00 AM', u'FT_4260004955326', u'A', u'', u'4', u'DEED', u'11/16/1995', u'0', u'12/13/1995', u'12/14/1995', u'1995', u'4240', u'147', u'0', u'07/31/2015'])
(u'129320', [u'2016012800624001', u'P', u'1', u'THE BOARD OF MANAGERS REPRESENTING THE RESIDENTIAL', u'UNIT OWNERS OF THE TRUMP TOWER CONDOMINIUM', u'721 FIFTH AVENUE', u'US', u'NEW YORK', u'NY', u'10022', u'02/29/2016 12:00:00 AM', u'2016020300867002', u'A', u'2016000056692', u'1', u'MTGE', u'01/21/2016', u'410000', u'02/19/2016', u'02/19/2016', u'0', u'0', u'0', u'0', u'02/29/2016'])
(u'404739', [u'2016040800963001', u'P', u'2', u'BOARD OF MANAGERS OF 120 RIVERSIDE BOULEVARD', u'AT TRUMP PLACE   C/O AKAM ASSOCIATES INC', u'260 MADISON AVENUE  12FLOOR', u'US', u'NEW YORK', u'NY', u'10016', u'04/30/2016 12:00:00 AM', u'2016112500244001', u'A', u'2016000417658', u'1', u'DEED', u'11/23/2016', u'0', u'11/25/2016', u'11/25/2016', u'0', u'0', u'0', u'100', u'11/30/2016'])
(u'177257', [u'2016042501330001', u'P', u'2', u'TRUMP FINANCIAL A LIMITED LIABILITY COMPANY', u'', u'', u'', u'', u'', u'', u'04/30/2016 12:00:00 AM', u'2016031100358001', u'A', u'2016000101188', u'3', u'SAT', u'03/10/2016', u'0', u'03/22/2016', u'03/22/2016', u'0', u'0', u'0', u'0', u'03/31/2016'])
(u'203813', [u'2016040100232002', u'P', u'2', u'BOARD OF MANAGERS OF THE TRUMP TOWER CONDOMINIUM', u'721 FIFTH AVE', u'', u'US', u'NEW YORK', u'NY', u'10022', u'04/30/2016 12:00:00 AM', u'2016041100966001', u'A', u'2016000138528', u'3', u'SAT', u'04/11/2016', u'0', u'04/20/2016', u'04/20/2016', u'0', u'0', u'0', u'0', u'04/30/2016'])
(u'494693', [u'2016040700354002', u'P', u'2', u'THE BOARD OF MANAGERS OF', u'THE TRUMP PALACE CONDOMINIUM', u'200 EAST 69TH STREET', u'US', u'NEW YORK', u'NY', u'10021', u'04/30/2016 12:00:00 AM', u'2017011100915006', u'A', u'2017000023661', u'1', u'TL&R', u'12/16/2016', u'0', u'01/18/2017', u'01/18/2017', u'0', u'0', u'0', u'0', u'01/31/2017'])
(u'1134218', [u'2017021300754003', u'P', u'2', u'220 RIVERSIDE BOULEVARD AT TRUMP PLACE', u'220 RIVERSIDE BOULEVARD', u'', u'US', u'NEW YORK', u'NY', u'10069', u'02/28/2017 12:00:00 AM', u'BK_7640088501512', u'A', u'', u'4', u'MTGE', u'01/23/1976', u'0', u'01/23/1976', u'01/23/1976', u'1976', u'885', u'1512', u'0', u'07/31/2015'])
(u'523535', [u'2016051101451002', u'P', u'2', u'BD OF MGR OF TRUMP PALACE CONDO', u'725 FIFTH AVENUE 26TH FLOOR', u'', u'US', u'NEW YORK', u'NY', u'10022', u'05/31/2016 12:00:00 AM', u'2017012000558001', u'A', u'2017000044248', u'3', u'SAT', u'01/20/2017', u'0', u'02/01/2017', u'02/01/2017', u'0', u'0', u'0', u'0', u'02/28/2017'])
(u'1078584', [u'2017010500400002', u'P', u'2', u'TRUMP PALACE CONDOMINIUM', u'200 EAST 69TH STREET', u'', u'US', u'NEW YORK', u'NY', u'10021', u'01/31/2017 12:00:00 AM', u'FT_3430007499443', u'A', u'', u'3', u'SAT', u'', u'0', u'01/26/2001', u'02/02/2001', u'2001', u'5061', u'2298', u'0', u'07/31/2015'])
(u'910958', [u'2016062700139001', u'P', u'2', u'TRUMP FINANCIAL', u'2100 ALT. 19 NORTH', u'.', u'US', u'PALM HARBOR', u'FL', u'34683', u'07/31/2016 12:00:00 AM', u'FT_3870004532187', u'A', u'', u'3', u'PAT', u'', u'0', u'12/02/1994', u'12/22/1994', u'1994', u'3422', u'86', u'0', u'07/31/2015'])
(u'1132383', [u'2017020600484002', u'P', u'2', u'BOARD OF MANAGERS OF THE TRUMP PALACE CONDOMINIUM', u'200 EAST 69TH STREET', u'', u'US', u'NEW YORK', u'NY', u'10065', u'02/28/2017 12:00:00 AM', u'BK_6930032401289', u'A', u'', u'3', u'DEED', u'04/02/1969', u'0', u'04/02/1969', u'04/02/1969', u'1969', u'324', u'1289', u'0', u'07/31/2015'])
(u'328604', [u'2016012601191001', u'P', u'2', u'RESIDENTIAL BOARD OF MANAGERS OF TRUMP TOWER CONDO', u'725 FIFTH AVENUE', u'', u'US', u'NEW YORK', u'NY', u'10022', u'02/29/2016 12:00:00 AM', u'2016082400693001', u'A', u'2016000296407', u'1', u'SAT', u'08/18/2016', u'0', u'08/26/2016', u'08/26/2016', u'0', u'0', u'0', u'0', u'08/31/2016'])
(u'1009545', [u'2017011101103003', u'P', u'2', u'BOARD OF MGRS OF 220 RIVERSIDE BOULEVARD', u'AT TRUMP PLACE CONDOMINIUM', u'220 RIVERSIDE BOULEVARD', u'US', u'NEW YORK', u'NY', u'10069', u'01/31/2017 12:00:00 AM', u'2015060301447001', u'A', u'2015000201148', u'3', u'DEED', u'03/20/2015', u'0', u'06/12/2015', u'06/12/2015', u'0', u'0', u'0', u'100', u'07/31/2015'])
(u'489525', [u'2016120800843003', u'P', u'2', u'THE TRUMP WORLD TOWER CONDOMINIUM BOARD', u'845 UNITED NATIONS PLAZA', u'', u'US', u'NEW YORK', u'NY', u'10017', u'12/31/2016 12:00:00 AM', u'2017011700836001', u'A', u'2017000022742', u'1', u'SAT', u'01/11/2017', u'0', u'01/18/2017', u'01/18/2017', u'0', u'0', u'0', u'0', u'01/31/2017'])
(u'357824', [u'2016111800425002', u'P', u'2', u'120 RIVERSIDE BOULEVARD AT TRUMP PLACE BOARD', u'120 RIVERSIDE BLVD.', u'', u'US', u'NEW YORK', u'NY', u'10069', u'11/30/2016 12:00:00 AM', u'2016082900909001', u'A', u'2016000316747', u'2', u'RPTT&RET', u'08/29/2016', u'143000', u'09/12/2016', u'09/12/2016', u'0', u'0', u'0', u'100', u'09/30/2016'])
(u'283866', [u'2016081201136001', u'P', u'1', u'TRUMP VILLAGE SECTION 4 INC.', u'2928 WEST 5TH STREET', u'', u'US', u'BROOKLYN', u'NY', u'11224', u'08/31/2016 12:00:00 AM', u'2016060801216001', u'A', u'2016000211574', u'2', u'RPTT', u'04/21/2016', u'297339.18', u'06/23/2016', u'06/23/2016', u'0', u'0', u'0', u'100', u'07/31/2016'])
(u'702597', [u'2016092700865001', u'P', u'2', u'BOARD OF MANAGERS OF 120 RIVERSIDE BOULEVARD AT', u'TRUMP PLAZA C/O AKAM ASSOCIATES INC.', u'260 MADISON AVENUE  12TH FLOOR', u'US', u'NEW YORK', u'NY', u'10016', u'09/30/2016 12:00:00 AM', u'2006091901385005', u'A', u'2006000559491', u'1', u'ASST', u'09/12/2006', u'0', u'10/05/2006', u'10/05/2006', u'0', u'0', u'0', u'0', u'07/31/2015'])
(u'212540', [u'2016091500789001', u'P', u'2', u'GLAZER LORI', u'203 TRUMP PARK', u'', u'US', u'SHRUB OAK', u'NY', u'10588', u'11/30/2016 12:00:00 AM', u'2016050901074002', u'A', u'2016000178063', u'1', u'AL&R', u'05/02/2016', u'5400000', u'05/25/2016', u'05/25/2016', u'0', u'0', u'0', u'0', u'05/31/2016'])
(u'670348', [u'2016012500922003', u'P', u'2', u'BOARD OF MANAGERS OF 200 RIVERSIDE BLVD AT TRUMP P', u'200 RIVERSIDE BLVD.', u'', u'US', u'NEW YORK', u'NY', u'10069', u'02/29/2016 12:00:00 AM', u'2012102301126003', u'A', u'2012000432357', u'1', u'AL&R', u'10/16/2012', u'1000000', u'11/01/2012', u'11/01/2012', u'0', u'0', u'0', u'0', u'07/31/2015'])
(u'1031756', [u'2017010400315001', u'P', u'1', u'TRUMP VILLAGE SECTION 3 INC.', u'2915 WEST 5TH STREET', u'', u'US', u'BROOKLYN', u'NY', u'11224', u'01/31/2017 12:00:00 AM', u'2015032500553002', u'A', u'2015000116231', u'1', u'AGMT', u'03/16/2015', u'303000', u'04/07/2015', u'04/07/2015', u'0', u'0', u'0', u'0', u'07/31/2015'])
(u'660927', [u'2016031600179001', u'P', u'1', u'220 RIVERSIDE BOULEVARD AT TRUMP PLACE', u'220 RIVERSIDE BOULEVARD', u'', u'US', u'NEW YORK', u'NY', u'10069', u'03/31/2016 12:00:00 AM', u'2015100100755001', u'A', u'2015000363473', u'3', u'RPTT&RET', u'09/30/2015', u'335000', u'10/09/2015', u'10/09/2015', u'0', u'0', u'0', u'100', u'10/31/2015'])
(u'1047737', [u'2017012500524001', u'P', u'2', u'STRUMPH CAROLINE', u'404 EIGHT AVENUE', u'UNIT 3A', u'US', u'BROOKLYN', u'NY', u'11215', u'01/31/2017 12:00:00 AM', u'FT_2480000737248', u'A', u'', u'2', u'DEED', u'12/13/1988', u'0', u'12/29/1988', u'12/29/1988', u'1988', u'890', u'630', u'0', u'07/31/2015'])
(u'207038', [u'2016011200435001', u'P', u'1', u'TRUMP REALTY 6G LLC', u'205 EAST 68TH STREET', u'APT 6G', u'US', u'NEW YORK', u'NY', u'10065', u'01/31/2016 12:00:00 AM', u'2016040601593001', u'A', u'2016000127679', u'3', u'SAT', u'04/06/2016', u'0', u'04/12/2016', u'04/12/2016', u'0', u'0', u'0', u'0', u'04/30/2016'])
(u'984197', [u'2017012500524002', u'P', u'1', u'STRUMPH CAROLINE', u'404 EIGHT AVENUE', u'UNIT 3A', u'US', u'BROOKLYN', u'NY', u'11215', u'01/31/2017 12:00:00 AM', u'FT_4050005547705', u'A', u'', u'4', u'ASST', u'', u'0', u'03/27/1997', u'03/28/1997', u'1997', u'4554', u'1469', u'0', u'07/31/2015'])
(u'544740', [u'2016051700378003', u'P', u'2', u'BOARD OF TRUMP TOWER CONDOMINIUM', u'721 5TH AVENUE', u'', u'US', u'NEW YORK', u'NY', u'10022', u'05/31/2016 12:00:00 AM', u'2017032001479002', u'A', u'2017000110107', u'1', u'MTGE', u'02/13/2017', u'102943.09', u'03/21/2017', u'03/21/2017', u'0', u'0', u'0', u'0', u'03/31/2017'])
(u'844813', [u'2016062801779002', u'P', u'2', u'THE HERITAGE AT TRUMP PLACE CONDOMINIUM', u'240 RIVERSIDE BOULEVARD', u'', u'US', u'NEW YORK', u'NY', u'10060', u'07/31/2016 12:00:00 AM', u'2009112000250001', u'A', u'2009000387273', u'4', u'DEED', u'11/09/2009', u'525000', u'11/25/2009', u'11/25/2009', u'0', u'0', u'0', u'100', u'07/31/2015'])
(u'1004661', [u'2017010400305002', u'P', u'2', u'BOARD OF MANAGERS TRUMP PALACE CONDOMINIUM', u'200 EAST 69TH STREET', u'', u'US', u'NEW YORK', u'NY', u'10021', u'01/31/2017 12:00:00 AM', u'2013061600057001', u'A', u'2013000256766', u'3', u'ASST', u'05/23/2013', u'0', u'06/28/2013', u'06/28/2013', u'0', u'0', u'0', u'0', u'07/31/2015'])
(u'1134214', [u'2017020900210003', u'P', u'2', u'TRUMP PALACE CONDOMINIUM BOARD OF MANAGERS', u'200 EAST 69TH STREET', u'', u'US', u'NEW YORK', u'NY', u'10021', u'02/28/2017 12:00:00 AM', u'2004090701328008', u'A', u'2004000725907', u'1', u'PREL', u'02/13/2004', u'0', u'11/24/2004', u'11/24/2004', u'0', u'0', u'0', u'0', u'07/31/2015'])
(u'249312', [u'2016091201311002', u'P', u'2', u'BOARD OF TRUMP INTERNATIONAL HOTEL AND', u'TOWER CONDOMINIUM', u'1 CENTRAL PARK WEST', u'US', u'NEW YORK', u'NY', u'10023', u'09/30/2016 12:00:00 AM', u'2016052300260001', u'A', u'2016000191347', u'4', u'SAT', u'05/23/2016', u'0', u'06/07/2016', u'06/07/2016', u'0', u'0', u'0', u'0', u'06/30/2016'])
(u'464935', [u'2016112900522004', u'P', u'2', u'120 RIVERSIDE BOULEVARD AT TRUMP PLACE', u'120 RIVERSIDE BOULEVARD', u'', u'US', u'NEW YORK', u'NY', u'10069', u'11/30/2016 12:00:00 AM', u'2017012000090001', u'A', u'2017000027403', u'1', u'ASST', u'02/09/2006', u'0', u'01/20/2017', u'01/20/2017', u'0', u'0', u'0', u'0', u'01/31/2017'])
(u'747287', [u'2016102400850001', u'P', u'2', u'120 RIVERSIDE BOULEVARD AT TRUMP PLACE', u'120 RIVERSIDE BOULEVARD', u'', u'US', u'NEW YORK', u'NY', u'10069', u'10/31/2016 12:00:00 AM', u'2004082300836001', u'A', u'2004000557006', u'3', u'DEED', u'08/09/2004', u'0', u'09/07/2004', u'09/07/2004', u'0', u'0', u'0', u'100', u'07/31/2015'])
(u'593615', [u'2016112900289003', u'P', u'2', u'TRUMP PARC CONDOMINIUM', u'106 CENTRAL PARK SOUTH', u'', u'US', u'NEW YORK', u'NY', u'00000', u'11/30/2016 12:00:00 AM', u'2015091101458001', u'A', u'2015000335603', u'1', u'DEED', u'09/11/2015', u'730000', u'09/21/2015', u'09/21/2015', u'0', u'0', u'0', u'100', u'09/30/2015'])
(u'914843', [u'2016110600060001', u'P', u'1', u'TRUMP PRESIDENTIAL INC.', u'109-58 143RD STREET', u'', u'US', u'JAMAICA', u'NY', u'11435', u'11/30/2016 12:00:00 AM', u'FT_1730000286873', u'A', u'', u'1', u'ASST', u'', u'0', u'01/23/1989', u'01/23/1989', u'1989', u'1525', u'680', u'0', u'07/31/2015'])
(u'877232', [u'2016020101091001', u'P', u'2', u'THE HERITAGE AT TRUMP PLACE CONDOMINIUM', u'240 RIVERSIDE BOULEVARD', u'', u'US', u'NEW YORK', u'NY', u'10069', u'02/29/2016 12:00:00 AM', u'FT_3260000986026', u'A', u'', u'3', u'DEED', u'10/07/1983', u'0', u'11/03/1983', u'11/03/1983', u'1983', u'1444', u'408', u'0', u'07/31/2015'])
(u'744600', [u'2016052301475002', u'P', u'2', u'220 RIVERSIDE BOULEVARD AT TRUMP PLACE', u'220 RIVERSIDE BOULEVARD', u'', u'US', u'NEW YORK', u'NY', u'10069', u'07/31/2016 12:00:00 AM', u'2014032000140001', u'A', u'2014000100538', u'1', u'MTGE', u'03/10/2014', u'335000', u'03/24/2014', u'03/24/2014', u'0', u'0', u'0', u'0', u'07/31/2015'])
(u'627117', [u'2016102000541002', u'P', u'2', u'BOARD OF MANAGERS', u'TRUMP PLACE CONDOMINIUM', u'220 RIVERSIDE BOULEVARD', u'US', u'NEW YORK', u'NY', u'10069', u'10/31/2016 12:00:00 AM', u'2015091400528001', u'A', u'2015000342265', u'1', u'ASST', u'02/24/2015', u'0', u'09/25/2015', u'09/25/2015', u'0', u'0', u'0', u'0', u'09/30/2015'])
(u'362889', [u'2016072001252002', u'P', u'2', u'THE CONDOMINIUM BOARD OF 220 RIVERSIDE BOULEVARD', u'AT TRUMP PLACE', u'220 RIVERSIDE BOULEVARD', u'US', u'NEW YORK', u'NY', u'10069', u'08/31/2016 12:00:00 AM', u'2016090901016001', u'A', u'2016000325433', u'2', u'SAT', u'09/09/2016', u'0', u'09/19/2016', u'09/19/2016', u'0', u'0', u'0', u'0', u'09/30/2016'])
(u'466320', [u'2016030400295002', u'P', u'2', u'THE BOARD OF MANAGERS OF TRUMP PARC CONDOMINIUM', u'106 CENTRAL PARK SOUTH', u'', u'US', u'NEW YORK', u'NY', u'10019', u'03/31/2016 12:00:00 AM', u'2016121400203001', u'A', u'2017000018366', u'1', u'ASST', u'11/04/2016', u'0', u'01/12/2017', u'01/12/2017', u'0', u'0', u'0', u'0', u'01/31/2017'])
(u'950933', [u'2016041500154001', u'P', u'2', u'THE BOARD OF MANAGERS OF TRUMP PARK CONDOMINIUM', u'106 CENTRAL PARK SOUTH', u'', u'US', u'NEW YORK', u'NY', u'10019', u'07/31/2016 12:00:00 AM', u'BK_7440079200428', u'A', u'', u'4', u'MTGE', u'10/11/1974', u'0', u'10/11/1974', u'10/11/1974', u'1974', u'792', u'428', u'0', u'07/31/2015'])
(u'441231', [u'2016062901321003', u'P', u'2', u'THE HERITAGE AT TRUMP PLACE CONDOMINIUM', u'240 RIVERSIDE BOULEVARD', u'', u'US', u'NEW YORK', u'NY', u'10069', u'07/31/2016 12:00:00 AM', u'2016120900764001', u'A', u'2016000436448', u'1', u'M&CON', u'10/20/2015', u'266636.14', u'12/09/2016', u'12/09/2016', u'0', u'0', u'0', u'0', u'12/31/2016'])
(u'866337', [u'2016010401239001', u'P', u'1', u'TRUMP IVANKA', u'725 FIFTH AVENUE', u'', u'US', u'NEW YORK', u'NY', u'10022', u'01/31/2016 12:00:00 AM', u'2005100500557009', u'A', u'2005000588209', u'3', u'ASST', u'09/29/2005', u'0', u'10/20/2005', u'10/20/2005', u'0', u'0', u'0', u'0', u'07/31/2015'])
(u'567575', [u'2016111400602002', u'P', u'2', u'THE CONDOMINIUM BOARD OF TRUMP INTERNATIOAL HOTEL', u'& TOWER CONDOMINIUM', u'ONE CENTRAL PARK WEST', u'US', u'NEW YORK', u'NY', u'10023', u'11/30/2016 12:00:00 AM', u'2015072700493001', u'A', u'2015000270754', u'1', u'ASST', u'07/07/2015', u'0', u'08/06/2015', u'08/06/2015', u'0', u'0', u'0', u'0', u'08/31/2015'])
(u'839371', [u'2016100600561002', u'P', u'2', u'BOARD OF MANAGERS OF THE TRUMP PALACE CONDOMINIUM', u'200 EAST 69TH STREET', u'', u'US', u'NEW YORK', u'NY', u'10021', u'11/30/2016 12:00:00 AM', u'FT_3310001411131', u'A', u'', u'3', u'DEED', u'02/13/1975', u'0', u'11/16/1988', u'11/16/1988', u'1988', u'2305', u'2160', u'0', u'07/31/2015'])
(u'1010908', [u'2016121600251002', u'P', u'1', u'220 RIVERSIDE BOULEVARD AT TRUMP PALACE', u'220 RIVERSIDE BOULEVARD', u'', u'US', u'NEW YORK', u'NY', u'10069', u'01/31/2017 12:00:00 AM', u'FT_1470008578347', u'A', u'', u'1', u'DEED', u'', u'0', u'08/11/1977', u'07/01/2002', u'1977', u'407', u'1565', u'0', u'07/31/2015'])
(u'363927', [u'2016082901087001', u'P', u'1', u'THE ESTATE  OF CAROLE STRUMPH', u'632 12TH STREET UNIT #1', u'', u'US', u'BROOKLYN', u'NY', u'11215', u'09/30/2016 12:00:00 AM', u'2016082500782001', u'A', u'2016000304026', u'2', u'SAT', u'08/25/2016', u'0', u'09/01/2016', u'09/01/2016', u'0', u'0', u'0', u'0', u'09/30/2016'])
(u'461443', [u'2016061401234001', u'P', u'2', u'BOARD OF MANAGERS OF TRUMP WORLD TOWER CONDOMINIUM', u'845 UNITED NATIONS PLAZA', u'', u'US', u'NEW YORK', u'NY', u'10017', u'07/31/2016 12:00:00 AM', u'2016122900379013', u'A', u'2017000006649', u'1', u'AGMT', u'12/22/2016', u'0', u'01/05/2017', u'01/05/2017', u'0', u'0', u'0', u'0', u'01/31/2017'])
(u'288961', [u'2016031600179002', u'P', u'1', u'220 RIVERSIDE BOULEVARD AT TRUMP PLACE', u'220 RIVERSIDE BOULEVARD', u'', u'US', u'NEW YORK', u'NY', u'10069', u'03/31/2016 12:00:00 AM', u'2016072000718001', u'A', u'2016000253477', u'1', u'RPTT&RET', u'07/07/2016', u'727500', u'07/25/2016', u'07/25/2016', u'0', u'0', u'0', u'100', u'07/31/2016'])
(u'958813', [u'2016080100039005', u'P', u'1', u'BOARD OF MANAGERS OF THE 120 RIVERSIDE BOULEVARD', u'AT TRUMP PLACE CONDOMINIUM', u'120 RIVERSIDE BLVD.', u'US', u'NEW YORK', u'NY', u'10069', u'08/31/2016 12:00:00 AM', u'2003070101576001', u'A', u'2003000334997', u'4', u'DEED', u'06/16/2003', u'417500', u'09/08/2003', u'09/08/2003', u'0', u'0', u'0', u'0', u'07/31/2015'])
(u'761985', [u'2016052500936002', u'P', u'2', u'TRUMP DONALD J', u'200 EAST 69TH STREET', u'', u'US', u'NEW YORK', u'NY', u'10021', u'07/31/2016 12:00:00 AM', u'2006112001290001', u'A', u'2006000669188', u'1', u'MTGE', u'11/15/2006', u'186000', u'12/05/2006', u'12/05/2006', u'0', u'0', u'0', u'0', u'07/31/2015'])
(u'416485', [u'2016060300870005', u'P', u'2', u'THE TRUMP WORLD TOWER CONDOMINIUM BOARD OF MANAGER', u'845 UNITED NATIONS PLAZA', u'', u'US', u'NEW YORK', u'NY', u'10017', u'07/31/2016 12:00:00 AM', u'2016112300561001', u'A', u'2016000417603', u'1', u'PAT', u'11/17/2016', u'0', u'11/25/2016', u'11/25/2016', u'0', u'0', u'0', u'0', u'11/30/2016'])
(u'884332', [u'2016040500437003', u'P', u'2', u'THE HERITAGE AT TRUMP PLACE CONDOMINIUM', u'BOARD OF MANAGERS', u'240 RIVERSIDE BOULEVARD', u'US', u'NEW YORK', u'NY', u'10069', u'04/30/2016 12:00:00 AM', u'FT_3060007195206', u'A', u'', u'3', u'SAT', u'', u'0', u'04/21/2000', u'06/12/2000', u'2000', u'4852', u'975', u'0', u'07/31/2015'])
(u'1229265', [u'2017020701218003', u'P', u'2', u'THE TRUMP WOLD TOWER CONDOMINIUM', u'845 UNITED NATIONS PLAZA', u'', u'US', u'NEW YORK', u'NY', u'10017', u'03/31/2017 12:00:00 AM', u'2014110300512001', u'A', u'2014000379443', u'4', u'MTGE', u'10/23/2014', u'265575', u'11/15/2014', u'11/15/2014', u'0', u'0', u'0', u'0', u'07/31/2015'])
(u'658841', [u'2016020900197003', u'P', u'2', u'BOARD OF MANAGERS OF TRUMP PALACE CONDOMINIUM', u'200 EAST 69TH STREET', u'', u'US', u'NEW YORK', u'NY', u'10021', u'02/29/2016 12:00:00 AM', u'2015081201601001', u'A', u'2015000361823', u'3', u'SAT', u'09/25/2015', u'0', u'10/08/2015', u'10/08/2015', u'0', u'0', u'0', u'0', u'10/31/2015'])
(u'1225667', [u'2017032300563003', u'P', u'2', u'THE CONDOMINIUM BOARD OF TRUMP PALACE CONDOMINIUM', u'200 EAST 69TH STREET', u'UNIT 5E', u'US', u'NEW YORK', u'NY', u'10021', u'03/31/2017 12:00:00 AM', u'FT_3150006561215', u'A', u'', u'3', u'SAGE', u'', u'0', u'04/20/1999', u'04/21/1999', u'1999', u'4456', u'1500', u'0', u'07/31/2015'])
(u'168438', [u'2016061302749001', u'P', u'2', u'BOARD OF MANAGERS OF TRUMP WORLD TOWER CONDOMINIUM', u'845 UNITED NATIONS PLAZA', u'', u'US', u'NEW YORK', u'NY', u'10017', u'07/31/2016 12:00:00 AM', u'2016022501166001', u'A', u'2016000073189', u'1', u'MTGE', u'02/06/2016', u'38773', u'03/03/2016', u'03/03/2016', u'0', u'0', u'0', u'0', u'03/31/2016'])
(u'461442', [u'2016061401234001', u'P', u'2', u'BOARD OF MANAGERS OF TRUMP WORLD TOWER CONDOMINIUM', u'845 UNITED NATIONS PLAZA', u'', u'US', u'NEW YORK', u'NY', u'10017', u'07/31/2016 12:00:00 AM', u'2016122900379014', u'A', u'2017000006650', u'1', u'AGMT', u'12/22/2016', u'0', u'01/05/2017', u'01/05/2017', u'0', u'0', u'0', u'0', u'01/31/2017'])
(u'259768', [u'2016052301318002', u'P', u'2', u'THE HERITAGE AT TRUMP PLACE CONDOMINIUM', u'240 RIVERSIDE BOULEVARD', u'', u'US', u'NEW YORK', u'NY', u'10023', u'06/30/2016 12:00:00 AM', u'2016072201026002', u'A', u'2016000260251', u'1', u'ASST', u'06/23/2016', u'0', u'07/29/2016', u'07/29/2016', u'0', u'0', u'0', u'0', u'07/31/2016'])
(u'66141', [u'2016061501483004', u'P', u'2', u'B/O/M 120 RIVERSIDE BOULEVARD AT TRUMP PLACE', u'120 RIVERSIDE BOULEVARD', u'', u'US', u'NEW YORK', u'NY', u'10069', u'07/31/2016 12:00:00 AM', u'2015101700085001', u'A', u'2015000447546', u'4', u'DEED', u'10/12/2015', u'0', u'12/17/2015', u'12/17/2015', u'0', u'0', u'0', u'100', u'12/31/2015'])
(u'1026416', [u'2017012300832001', u'P', u'2', u'BD OF MANAGERS OF 120 RIVERSIDE BLVD @ TRUMP PLACE', u'C/O AKAM ASSOCIATES INC.', u'260 MADISON AVENUE 12TH FLOOR', u'US', u'NEW YORK', u'NY', u'10016', u'01/31/2017 12:00:00 AM', u'FT_3030005759603', u'A', u'', u'3', u'ASST', u'', u'0', u'09/16/1997', u'09/17/1997', u'1997', u'4020', u'124', u'0', u'07/31/2015'])
(u'86925', [u'2016061501532001', u'P', u'1', u'CHILL DAN S', u'25 TRUMPELDOR STREET', u'', u'IL', u'KIRYAT ONO', u'', u'', u'07/31/2016 12:00:00 AM', u'2015120600021004', u'A', u'2015000437105', u'1', u'TL&R', u'11/30/2015', u'0', u'12/10/2015', u'12/10/2015', u'0', u'0', u'0', u'0', u'12/31/2015'])
(u'1052667', [u'2017010401056004', u'P', u'2', u'CONDOMINIUM BOARD', u'C/O THE TRUMP CORPORATION', u'725 FIFTH AVENUE 26TH FLOOR', u'US', u'NEW YORK', u'NY', u'10022', u'01/31/2017 12:00:00 AM', u'2005081501513001', u'A', u'2005000470408', u'3', u'SAT', u'08/15/2005', u'0', u'08/22/2005', u'08/22/2005', u'0', u'0', u'0', u'0', u'07/31/2015'])
(u'359427', [u'2016061501532003', u'P', u'1', u'CHILL DAN S', u'25 TRUMPELDOR ST', u'', u'IL', u'KIRYAT ONO', u'', u'', u'07/31/2016 12:00:00 AM', u'2016082300190001', u'A', u'2016000306043', u'2', u'RPTT', u'07/19/2016', u'10', u'09/02/2016', u'09/02/2016', u'0', u'0', u'0', u'100', u'09/30/2016'])
(u'42737', [u'2016031700635001', u'P', u'2', u'TRUMP PRESIDENTIAL INC', u'126 LUDWIG LANE', u'', u'US', u'STATEN ISLAND', u'NY', u'10303', u'05/31/2016 12:00:00 AM', u'2015110501415002', u'A', u'2015000402280', u'1', u'MTGE', u'10/29/2015', u'525000', u'11/12/2015', u'11/12/2015', u'0', u'0', u'0', u'0', u'11/30/2015'])
(u'222150', [u'2016091500450002', u'P', u'1', u'CONDO BOARD OF 200 RIVERSIDE BLVD AT TRUMP PLACE', u'200 RIVERSIDE BOULEVARD', u'', u'US', u'NEW YORK', u'NY', u'10069', u'09/30/2016 12:00:00 AM', u'2016051300047001', u'A', u'2016000176637', u'3', u'M&CON', u'04/01/2016', u'361983.52', u'05/24/2016', u'05/24/2016', u'0', u'0', u'0', u'0', u'05/31/2016'])
(u'1140099', [u'2017022700005001', u'P', u'2', u'TRUMP PARK AVENUE LLC', u'725 FIFTH AVENUE', u'', u'US', u'NEW YORK', u'NY', u'10022', u'02/28/2017 12:00:00 AM', u'2011100600814001', u'A', u'2011000356548', u'1', u'DEED', u'10/03/2011', u'49750000', u'10/07/2011', u'10/07/2011', u'0', u'0', u'0', u'100', u'07/31/2015'])
(u'1052738', [u'2017011700432002', u'P', u'2', u'BOARD OF MANAGERS OF TRUMP PARC CONDOMINIUM', u'106 CENTRAL PARK SOUTH', u'', u'US', u'NEW YORK', u'NY', u'10019', u'01/31/2017 12:00:00 AM', u'2012082100669001', u'A', u'2012000393158', u'4', u'DEED', u'08/20/2012', u'494118.65', u'10/03/2012', u'10/03/2012', u'0', u'0', u'0', u'100', u'07/31/2015'])
(u'999692', [u'2017010401354003', u'P', u'2', u'THE TRUMP WORLD TOWER CONDOMINIUM', u'845 UNITED NATIONS PLAZA', u'', u'US', u'NEW YORK', u'NY', u'10017', u'01/31/2017 12:00:00 AM', u'2004120900814002', u'A', u'2005000003535', u'4', u'MTGE', u'09/17/2003', u'9270.17', u'01/04/2005', u'01/04/2005', u'0', u'0', u'0', u'0', u'07/31/2015'])
(u'652489', [u'2016042800883001', u'P', u'1', u'TRUMP CPS LLC', u'725 FIFTH AVENUE', u'26TH FLOOR', u'US', u'NEW YORK', u'NY', u'10022', u'05/31/2016 12:00:00 AM', u'2015102400020001', u'A', u'2015000384279', u'1', u'DEED', u'10/14/2015', u'432000', u'10/27/2015', u'10/27/2015', u'0', u'0', u'0', u'100', u'10/31/2015'])
(u'228653', [u'2016062300764002', u'P', u'2', u'220 RIVERSIDE BLVD AT TRUMP PLACE', u'220 RIVERSIDE BOULEVARD', u'', u'US', u'NEW YORK', u'NY', u'10069', u'07/31/2016 12:00:00 AM', u'2016050200571001', u'A', u'2016000158133', u'1', u'RPTT&RET', u'04/19/2016', u'370000', u'05/09/2016', u'05/09/2016', u'0', u'0', u'0', u'100', u'05/31/2016'])
(u'123132', [u'2016020200784004', u'P', u'2', u'THE TRUMP WORLD TOWER CONDOMINIUM BOARD OF MANAGER', u'845 UNITED NATIONS PLAZA', u'', u'US', u'NEW YORK', u'NY', u'10017', u'02/29/2016 12:00:00 AM', u'2016020400436002', u'A', u'2016000048154', u'1', u'ASST', u'06/23/2015', u'0', u'02/11/2016', u'02/11/2016', u'0', u'0', u'0', u'0', u'02/29/2016'])
(u'1074393', [u'2017010600978001', u'P', u'2', u'BOARD OF MANAGERS OF TRUMP WORLD TOWER CONDOMINIUM', u'845 UNITED NATIONS PLAZA', u'UNIT 58B', u'US', u'NEW YORK', u'NY', u'10017', u'01/31/2017 12:00:00 AM', u'2013042400427001', u'A', u'2013000188243', u'2', u'SAT', u'04/19/2013', u'0', u'05/09/2013', u'05/09/2013', u'0', u'0', u'0', u'0', u'07/31/2015'])
(u'1144592', [u'2017020800501001', u'P', u'2', u'TRUMP VILLAGE SECTION 4 INC.', u'2928 WEST 5TH STREET', u'', u'US', u'BROOKLYN', u'NY', u'11224', u'02/28/2017 12:00:00 AM', u'FT_4830002536683', u'A', u'', u'4', u'MTGE', u'', u'54700', u'02/08/1989', u'07/23/1999', u'1989', u'2762', u'972', u'0', u'07/31/2015'])
(u'1237775', [u'2017022300994003', u'P', u'2', u'THE BOARD MANAGERS OF', u'200 RIVERSIDE BOULEVARD AT TRUMP PLACE CONDOMINIUM', u'200 RIVERSIDE BOULEVARD', u'US', u'NEW YORK', u'NY', u'10069', u'03/31/2017 12:00:00 AM', u'2003120300770002', u'A', u'2004000076261', u'3', u'AGMT', u'10/31/2003', u'321000', u'02/09/2004', u'02/09/2004', u'0', u'0', u'0', u'0', u'07/31/2015'])
(u'976548', [u'2016020501069002', u'P', u'2', u'THE BOARD MANAGERS OF', u'THE TRUMP PARK AVENUE CONDOMINIUM', u'502 PARK AVENUE', u'US', u'NEW  YORK', u'NY', u'10022', u'02/29/2016 12:00:00 AM', u'2012052200689003', u'A', u'2012000228295', u'1', u'AGMT', u'03/26/2012', u'170000', u'06/12/2012', u'06/12/2012', u'0', u'0', u'0', u'0', u'07/31/2015'])
(u'561058', [u'2016010600447002', u'P', u'2', u'THE CONDOMINIUM BOARD OF TRUMP PALACE CONDOMINIUM', u'725 FIFTH AVENUE 26TH FLOOR', u'', u'US', u'NEW YORK', u'NY', u'10022', u'01/31/2016 12:00:00 AM', u'2017031301356005', u'A', u'2017000101542', u'1', u'SMIS', u'02/28/2017', u'0', u'03/15/2017', u'03/15/2017', u'0', u'0', u'0', u'0', u'03/31/2017'])
(u'22442', [u'2016110800592001', u'P', u'2', u'TRUMP VILLAGE SECTION 4 INC.', u'2928 WEST 5TH STREET', u'', u'US', u'BROOKLYN', u'NY', u'11224', u'11/30/2016 12:00:00 AM', u'FT_3850001571785', u'A', u'', u'3', u'MTGE', u'', u'17000', u'10/03/1990', u'10/03/1990', u'1990', u'2618', u'1985', u'0', u'07/31/2015'])
(u'1232276', [u'2017032000427004', u'P', u'2', u'220 RIVERSIDE BOULEVARD AT TRUMP PLACE - BD OF MGR', u'220 RIVERSIDE BOULEVARD', u'', u'US', u'NEW YORK', u'NY', u'10069', u'03/31/2017 12:00:00 AM', u'2011080900645001', u'A', u'2011000293293', u'1', u'ASST', u'07/29/2011', u'0', u'08/19/2011', u'08/19/2011', u'0', u'0', u'0', u'0', u'07/31/2015'])
(u'1058856', [u'2016122801115003', u'P', u'2', u'TRUMP INTERNATIONAL HOTEL AND TOWER CONDOMINIUM', u'BOARF OF MANAGERS', u'ONE CENTRAL PARK WEST', u'US', u'NEW YORK', u'NY', u'10022', u'01/31/2017 12:00:00 AM', u'2013081401482001', u'A', u'2013000347616', u'2', u'SAT', u'08/13/2013', u'0', u'08/29/2013', u'08/29/2013', u'0', u'0', u'0', u'0', u'07/31/2015'])
(u'1083618', [u'2017020201456001', u'P', u'1', u'TRUMP INTERNATIONAL HOTELS MANAGEMENT LLC', u'160 VARICK STREET', u'', u'US', u'NEW YORK', u'NY', u'10013', u'02/28/2017 12:00:00 AM', u'FT_4620001960962', u'A', u'', u'4', u'SAT', u'', u'0', u'08/25/1983', u'08/25/1983', u'1983', u'1567', u'320', u'0', u'07/31/2015'])
(u'746012', [u'2016062200390003', u'P', u'2', u'THE BOARD OF MANAGERS OF', u'TRUMP PARC CONDOMINIUM', u'106 CENTRAL PARK SOUTH', u'US', u'NEW YORK', u'NY', u'10019', u'08/31/2016 12:00:00 AM', u'2003121300055001', u'A', u'2004000122101', u'4', u'SAT', u'10/07/2003', u'0', u'02/28/2004', u'02/28/2004', u'0', u'0', u'0', u'0', u'07/31/2015'])
(u'1140239', [u'2017022700005002', u'P', u'1', u'TRUMP PARK AVENUE LLC', u'725 FIFTH AVENUE', u'', u'US', u'NEW YORK', u'NY', u'10022', u'02/28/2017 12:00:00 AM', u'FT_1450000060845', u'A', u'', u'1', u'PAT', u'', u'0', u'05/01/1984', u'05/01/1984', u'1984', u'788', u'564', u'0', u'07/31/2015'])
(u'1038541', [u'2017012600851001', u'P', u'1', u'TRUMP DONALD J', u'725 FIFTH AVENUE', u'', u'US', u'NEW YORK', u'NY', u'10022', u'01/31/2017 12:00:00 AM', u'2008081500796001', u'A', u'2008000328623', u'1', u'RPTT', u'04/18/2008', u'0', u'08/15/2008', u'08/15/2008', u'0', u'0', u'0', u'100', u'07/31/2015'])
(u'179183', [u'2016062400299002', u'P', u'2', u'TRUMP PALACE CONDOMINIUM', u'200 EAST 69TH STREET', u'', u'US', u'NEW YORK', u'NY', u'10021', u'07/31/2016 12:00:00 AM', u'2016030801411001', u'A', u'2016000094005', u'1', u'SAT', u'03/08/2016', u'0', u'03/17/2016', u'03/17/2016', u'0', u'0', u'0', u'0', u'03/31/2016'])
(u'926615', [u'2016080100779002', u'P', u'2', u'CONDOMINIUM BOARD OF TRUMP PARC CONDOMINIUM', u'106 CENTRAL PARK SOUTH', u'', u'US', u'NEW YORK', u'NY', u'10019', u'08/31/2016 12:00:00 AM', u'BK_7620029800509', u'A', u'', u'2', u'DEED', u'02/04/1976', u'0', u'02/04/1976', u'02/04/1976', u'1976', u'298', u'509', u'0', u'07/31/2015'])
(u'1039393', [u'2017012500524003', u'P', u'1', u'STRUMPH CAROLINE', u'404 EIGHT AVENUE', u'UNIT 3A', u'US', u'BROOKLYN', u'NY', u'11215', u'01/31/2017 12:00:00 AM', u'FT_4250002153825', u'A', u'', u'4', u'DEED', u'11/25/1985', u'0', u'12/13/1985', u'12/13/1985', u'1985', u'1985', u'1807', u'0', u'07/31/2015'])
(u'1235065', [u'2017030500015003', u'P', u'2', u'BOARD OF MANAGERS 120 RIVERSIDE BLVD TRUMP PLACE', u'120 RIVERSIDE BOULEVARD', u'', u'US', u'NEW YORK', u'NY', u'11069', u'03/31/2017 12:00:00 AM', u'FT_2370005259537', u'A', u'', u'2', u'AGMT', u'', u'0', u'07/30/1996', u'08/01/1996', u'1996', u'1406', u'1160', u'0', u'07/31/2015'])
(u'559877', [u'2016070600826002', u'P', u'2', u'BOARD OF MANAGERS OF THE CONDOMINIUM', u'THE TRUMP CORPORATION', u'725 FIFTH AVENUE - 16TH FLOOR', u'US', u'NEW YORK', u'NY', u'10022', u'07/31/2016 12:00:00 AM', u'2017032301230004', u'A', u'2017000115338', u'1', u'ZONE', u'02/24/2017', u'0', u'03/24/2017', u'03/24/2017', u'0', u'0', u'0', u'0', u'03/31/2017'])
(u'306138', [u'2016042800883002', u'P', u'1', u'TRUMP CPS LLC', u'725 FIFTH AVENUE', u'26TH FLOOR', u'US', u'NEW YORK', u'NY', u'10022', u'05/31/2016 12:00:00 AM', u'2016080300820002', u'A', u'2016000272545', u'1', u'ASST', u'08/01/2016', u'0', u'08/09/2016', u'08/09/2016', u'0', u'0', u'0', u'0', u'08/31/2016'])
(u'1037952', [u'2017012301060002', u'P', u'2', u'THE TRUMP WORLD TOWER CONDOMINIUM', u'845 UNITED NATIONS PLAZA', u'', u'US', u'NEW YORK', u'NY', u'10017', u'01/31/2017 12:00:00 AM', u'FT_3690005722569', u'A', u'', u'3', u'SAT', u'', u'0', u'08/12/1997', u'08/28/1997', u'1997', u'3997', u'736', u'0', u'07/31/2015'])
(u'863906', [u'2016080401325002', u'P', u'2', u'BOARD OF TRUMP PARK AVENUE CONDOMINIUM', u'502 PARK AVENUE', u'', u'US', u'NEW YORK', u'NY', u'10022', u'08/31/2016 12:00:00 AM', u'FT_3230001232723', u'A', u'', u'3', u'MTGE', u'', u'5780', u'01/23/1987', u'01/23/1987', u'1987', u'1958', u'1860', u'0', u'07/31/2015'])
(u'4936', [u'2016071300264002', u'P', u'2', u'TIHT COMMERCIAL LLC', u'C/O THE TRUMP ORGANIZATION INC.', u'725 FIFTH AVENUE', u'US', u'NEW YORK', u'NY', u'10022', u'07/31/2016 12:00:00 AM', u'FT_3710005282771', u'A', u'', u'3', u'MTGE', u'', u'198550', u'08/12/1996', u'10/25/1999', u'1996', u'3763', u'603', u'0', u'07/31/2015'])
(u'1038542', [u'2017012600851001', u'P', u'2', u'THE DONALD J. TRUMP REVOCABLE TRUST', u'725 FIFTH AVENUE', u'', u'US', u'NEW YORK', u'NY', u'10154', u'01/31/2017 12:00:00 AM', u'FT_1420000018442', u'A', u'', u'1', u'MTGE', u'', u'1400000', u'11/17/1982', u'11/17/1982', u'1982', u'650', u'469', u'0', u'07/31/2015'])
(u'570417', [u'2016052500260001', u'P', u'2', u'CONDO BD TRUMP INTERNATIONAL HOTEL & TOWER CONDO', u'ONE CENTERAL PARK WEST', u'', u'US', u'NEW YORK', u'NY', u'10023', u'06/30/2016 12:00:00 AM', u'2015072800990001', u'A', u'2015000267830', u'1', u'DEED', u'07/22/2015', u'15500000', u'08/04/2015', u'08/04/2015', u'0', u'0', u'0', u'100', u'08/31/2015'])
(u'413557', [u'2016041500205001', u'P', u'2', u'THE BOARD OF MANAGERS OF TRUMP PARC CONDOMINIUM', u'106 CENTRAL PARK SOUTH', u'', u'US', u'NEW YORK', u'NY', u'10019', u'07/31/2016 12:00:00 AM', u'2016111500781002', u'A', u'2016000401973', u'1', u'MTGE', u'11/04/2016', u'554766', u'11/15/2016', u'11/15/2016', u'0', u'0', u'0', u'0', u'11/30/2016'])
(u'295677', [u'2016102000885003', u'P', u'2', u'TRUMP PALACE CONDOMINIUM', u'200 EAST 69TH STREET', u'', u'US', u'NEW YORK', u'NY', u'10065', u'10/31/2016 12:00:00 AM', u'2016062100467001', u'A', u'2016000216975', u'1', u'SAT', u'05/27/2016', u'0', u'06/28/2016', u'06/28/2016', u'0', u'0', u'0', u'0', u'07/31/2016'])
(u'408262', [u'2016081100616003', u'P', u'2', u'THE BOARD OF MANAGERS OF', u'THE TRUMP TOWER CONDOMINIUM', u'721-725 FIFTH AVENUE', u'US', u'NEW YORK', u'NY', u'10022', u'10/31/2016 12:00:00 AM', u'2016103101314002', u'A', u'2016000407890', u'1', u'DEED', u'10/27/2016', u'0', u'11/18/2016', u'11/18/2016', u'0', u'0', u'0', u'50', u'11/30/2016'])
(u'567806', [u'2016033100302002', u'P', u'2', u'TRUMP WORLD TOWER CONDO BD OF MGRS', u'845 UNITED NATIONS PLAZA', u'', u'US', u'NY', u'NY', u'10017', u'04/30/2016 12:00:00 AM', u'2015070800947001', u'A', u'2015000296756', u'1', u'ASST', u'12/15/2010', u'0', u'08/26/2015', u'08/26/2015', u'0', u'0', u'0', u'0', u'08/31/2015'])
(u'1198312', [u'2017030101257002', u'P', u'2', u'TRUMP PRESIDENTIAL INC.', u'126 LUDWIG LANCE', u'', u'US', u'STATEN ISLAND', u'NY', u'10303', u'03/31/2017 12:00:00 AM', u'FT_3130006406613', u'A', u'', u'3', u'SAT', u'', u'0', u'12/29/1998', u'01/11/1999', u'1998', u'4359', u'1384', u'0', u'07/31/2015'])
(u'357959', [u'2016101800813001', u'P', u'2', u'BOARD OF MANAGERS OF THE TRUMP PALACE CONDOMINIUM', u'200 EAST 69TH STREET', u'', u'US', u'NEW YORK', u'NY', u'10021', u'10/31/2016 12:00:00 AM', u'2016091800025001', u'A', u'2016000333054', u'3', u'SAT', u'09/12/2016', u'0', u'09/23/2016', u'09/23/2016', u'0', u'0', u'0', u'0', u'09/30/2016'])
(u'478233', [u'2016091201074001', u'P', u'1', u'TRUMP DENISE', u'3601 BOLLER AVENUE', u'', u'US', u'BRONX', u'NY', u'10466', u'09/30/2016 12:00:00 AM', u'2017010600689004', u'A', u'2017000009368', u'1', u'MTGE', u'12/29/2016', u'55573.36', u'01/09/2017', u'01/09/2017', u'0', u'0', u'0', u'0', u'01/31/2017'])
(u'519213', [u'2016012701351002', u'P', u'2', u'TRUMP TOWER HOTEL AND TOWER CONDOMINIUM', u'1 CENTRAL PARK WEST', u'', u'US', u'NEW YORK', u'NY', u'10023', u'02/29/2016 12:00:00 AM', u'2017021900080001', u'A', u'2017000075402', u'4', u'SAT', u'02/17/2017', u'0', u'02/23/2017', u'02/23/2017', u'0', u'0', u'0', u'0', u'02/28/2017'])
(u'910756', [u'2016030901328003', u'P', u'2', u'200 RIVERSIDE BOULEVARD AT TRUMP PLACE', u'200 RIVERSIDE BOULEVARD', u'', u'US', u'NEW YORK', u'NY', u'10069', u'03/31/2016 12:00:00 AM', u'2012011301250002', u'A', u'2012000072102', u'1', u'ASST', u'01/09/2012', u'0', u'02/23/2012', u'02/23/2012', u'0', u'0', u'0', u'0', u'07/31/2015'])
(u'889872', [u'2016061601703003', u'P', u'2', u'CONDOMINIUM BOARD OF 220 RIVERSIDE BOULEVARD AT', u'TRUMP PLACE', u'220 RIVERSIDE BOULEVARD', u'US', u'NEW YORK', u'NY', u'10069', u'07/31/2016 12:00:00 AM', u'FT_3520001471652', u'A', u'', u'3', u'SAT', u'', u'0', u'07/26/1989', u'07/26/1989', u'1989', u'2424', u'455', u'0', u'07/31/2015'])
(u'275006', [u'2016011500792004', u'P', u'1', u'NEW YORK EXPERTISE DEVELOPMENT LTD. C/O', u'JAJAN AND ASSOCIATES PLLC TRUMP BUILDING', u'40 WALL STREET 25TH FLOOR SUITE 2506', u'US', u'NEW YORK', u'NY', u'10005', u'02/29/2016 12:00:00 AM', u'2016071801561002', u'A', u'2016000249081', u'1', u'MTGE', u'07/15/2016', u'557844', u'07/21/2016', u'07/21/2016', u'0', u'0', u'0', u'0', u'07/31/2016'])
(u'900085', [u'2016052100045002', u'P', u'2', u'BOARD MANAGERS OF TRUMP PALACE CONDOMINIUM', u'200 EAST 69TH STREET', u'', u'US', u'NEW YORK', u'NY', u'10021', u'06/30/2016 12:00:00 AM', u'2007120501149001', u'A', u'2007000615537', u'4', u'DEED', u'09/25/2007', u'0', u'12/17/2007', u'12/17/2007', u'0', u'0', u'0', u'100', u'07/31/2015'])
(u'941604', [u'2016052500936002', u'P', u'2', u'CONDOMINIUM BOARD OF TRUMP PLACE CONDOMINIUM', u'200 EAST 69TH STREET', u'', u'US', u'NEW YORK', u'NY', u'10021', u'07/31/2016 12:00:00 AM', u'FT_4620002738262', u'A', u'', u'4', u'PAT', u'', u'0', u'03/14/1991', u'03/14/1991', u'1991', u'3129', u'915', u'0', u'07/31/2015'])
(u'743415', [u'2016092200990001', u'P', u'1', u'BOARD OF MANAGERS OF TRUMP PARC CONDO', u'106 CENTRAL PARK SOUTH', u'', u'US', u'NEW YORK', u'NY', u'10019', u'09/30/2016 12:00:00 AM', u'2013010300799001', u'A', u'2013000017414', u'1', u'DEED', u'12/27/2012', u'3030000', u'01/14/2013', u'01/14/2013', u'0', u'0', u'0', u'100', u'07/31/2015'])
(u'982212', [u'2016052500036001', u'P', u'2', u'CONDOMINIUM BOARD OF THE TRUMP WORLD TOWER CONDO', u'845 UNITED NATIONS PLAZA', u'', u'US', u'NEW YORK', u'NY', u'10017', u'06/30/2016 12:00:00 AM', u'FT_3270006568227', u'A', u'', u'3', u'SMIS', u'', u'0', u'04/26/1999', u'04/27/1999', u'1999', u'4461', u'2352', u'0', u'07/31/2015'])
(u'259795', [u'2016061302813001', u'P', u'2', u'BOARD OF MANAGERS OF TRUMP WORLD TOWER CONDOMINIUM', u'845 UNITED NATIONS PLAZA', u'', u'US', u'NEW YORK', u'NY', u'10017', u'07/31/2016 12:00:00 AM', u'2016072500897002', u'A', u'2016000260002', u'1', u'ASST', u'04/28/2016', u'0', u'07/29/2016', u'07/29/2016', u'0', u'0', u'0', u'0', u'07/31/2016'])
(u'204290', [u'2016121900325002', u'P', u'2', u"THE CONDOMINIUM BOARD OF TRUMP INT'L HOTEL & TOWER", u'ONE CENTRAL PARK WEST', u'', u'US', u'NEW YORK', u'NY', u'10023', u'12/31/2016 12:00:00 AM', u'2016041200366001', u'A', u'2016000130267', u'1', u'RPTT&RET', u'03/29/2016', u'299000', u'04/14/2016', u'04/14/2016', u'0', u'0', u'0', u'100', u'04/30/2016'])
(u'694161', [u'2016092700202001', u'P', u'2', u'BOARD OF MANAGERS OF TRUMP PARC CONDOMINIUM', u'106 CENTRAL PARK SOUTH', u'', u'US', u'NEW YORK', u'NY', u'10019', u'09/30/2016 12:00:00 AM', u'2006110201618001', u'A', u'2006000631084', u'3', u'SAT', u'11/02/2006', u'0', u'11/14/2006', u'11/14/2006', u'0', u'0', u'0', u'0', u'07/31/2015'])
(u'1240773', [u'2017030201196003', u'P', u'2', u'CONDOMINIUM BOARD OF THE TRUMP PARC EAST', u'CONDOMINIUM', u'100 CENTRAL PARK SOUTH', u'US', u'NEW YORK', u'NY', u'10019', u'03/31/2017 12:00:00 AM', u'FT_4370002035837', u'A', u'', u'4', u'DEED', u'06/22/1984', u'0', u'08/28/1984', u'08/28/1984', u'1984', u'1726', u'115', u'0', u'07/31/2015'])
(u'1237021', [u'2017031000567004', u'P', u'2', u'BOARD OF MANAGERS TRUMP PALACE CONDOMINIUM', u'200 EAST 69TH STREET', u'', u'US', u'NEW YORK', u'NY', u'10021', u'03/31/2017 12:00:00 AM', u'2012032900089001', u'A', u'2012000124355', u'3', u'DEED', u'03/16/2012', u'1400000', u'03/29/2012', u'03/29/2012', u'0', u'0', u'0', u'100', u'07/31/2015'])
(u'1085653', [u'2017022201536001', u'P', u'1', u'MACARI JOHN', u'307 TRUMP PARK', u'', u'US', u'SHRUB OAK', u'NY', u'10588', u'02/28/2017 12:00:00 AM', u'BK_7230053000418', u'A', u'', u'3', u'DEED', u'01/04/1972', u'0', u'01/04/1972', u'01/04/1972', u'1972', u'530', u'418', u'0', u'07/31/2015'])
(u'400785', [u'2016081601456002', u'P', u'2', u'BOARD OF TRUMP PALACE CONDOMINIUM', u'200 EAST 69TH SREET', u'', u'US', u'NEW YORK', u'NY', u'10021', u'08/31/2016 12:00:00 AM', u'2016092001169002', u'A', u'2016000403903', u'1', u'AALR', u'05/06/2016', u'0', u'11/16/2016', u'11/16/2016', u'0', u'0', u'0', u'0', u'11/30/2016'])
(u'1000330', [u'2016122900904002', u'P', u'2', u'THE CONDOMINIUM BOARD OF', u'TRUMP PALACE CONDOMINIUM', u'200 EAST 69TH SREET', u'US', u'NEW YORK', u'NY', u'10021', u'01/31/2017 12:00:00 AM', u'2005120101728002', u'A', u'2005000685517', u'4', u'MTGE', u'11/22/2005', u'479000', u'12/12/2005', u'12/12/2005', u'0', u'0', u'0', u'0', u'07/31/2015'])
(u'1234506', [u'2017030701442004', u'P', u'2', u'TRUMP PARC CONDOMINIUM', u'106 CENTRAL PARK SOUTH', u'', u'US', u'NEW YORK', u'NY', u'10019', u'03/31/2017 12:00:00 AM', u'FT_2200000788120', u'A', u'', u'2', u'ASST', u'', u'0', u'08/23/1990', u'08/23/1990', u'1990', u'1002', u'1637', u'0', u'07/31/2015'])
(u'618203', [u'2016101700667003', u'P', u'2', u'BOARD OF MANAGERS OF TRUMP PARC CONDOMINIUM', u'106 CENTRAL PARK SOUTH', u'', u'US', u'NEW YORK', u'NY', u'10019', u'10/31/2016 12:00:00 AM', u'2015091000611001', u'A', u'2015000327710', u'1', u'DEED', u'09/03/2015', u'1150000', u'09/16/2015', u'09/16/2015', u'0', u'0', u'0', u'100', u'09/30/2015'])
(u'560289', [u'2016032201081005', u'P', u'2', u'THE CONDOMINIUM BOARD OF', u'200 RIVERSIDE BOULEVARD AT TRUMP PLACE', u'200 RIVERSIDE BLVD', u'US', u'NEW YORK', u'NY', u'10069', u'03/31/2016 12:00:00 AM', u'2017030300412001', u'A', u'2017000086742', u'4', u'SAT', u'02/28/2017', u'0', u'03/06/2017', u'03/06/2017', u'0', u'0', u'0', u'0', u'03/31/2017'])
(u'656586', [u'2016033000623002', u'P', u'2', u'THE CONDOMINIUM  BOARD OF THE TRUMP INTERNATIONAL', u'HOTEL AND TOWER CONDO', u'ONE CENTRAL PARK WEST', u'US', u'NEW YORK', u'NY', u'10023', u'03/31/2016 12:00:00 AM', u'2015102700021002', u'A', u'2015000388792', u'1', u'ASST', u'10/23/2015', u'0', u'10/30/2015', u'10/30/2015', u'0', u'0', u'0', u'0', u'10/31/2015'])
(u'648423', [u'2016020300736004', u'P', u'2', u'THE TRUMP WORLD TOWER CONDOMINIUM', u'845 UNITED NATIONS PLAZA', u'', u'US', u'NEW YORK', u'NY', u'10017', u'02/29/2016 12:00:00 AM', u'2015101900532002', u'A', u'2015000377423', u'1', u'MTGE', u'10/15/2015', u'495000', u'10/22/2015', u'10/22/2015', u'0', u'0', u'0', u'0', u'10/31/2015'])
(u'108440', [u'2016090901060001', u'P', u'1', u'TRUMP DENISE', u'', u'', u'', u'', u'', u'', u'09/30/2016 12:00:00 AM', u'2016010701180001', u'A', u'2016000015733', u'2', u'RPTT', u'12/04/2015', u'665000', u'01/15/2016', u'01/15/2016', u'0', u'0', u'0', u'100', u'01/31/2016'])
(u'1074389', [u'2017010600948001', u'P', u'2', u'BOARD OF MANAGERS OF TRUMP WORLD TOWER CONDOMINIUM', u'845 UNITED NATIONS PLAZA', u'', u'US', u'NEW YORK', u'NY', u'10017', u'01/31/2017 12:00:00 AM', u'FT_3880005698988', u'A', u'', u'3', u'MTGE', u'', u'134790.38', u'07/28/1997', u'08/24/1998', u'1997', u'3987', u'1010', u'0', u'07/31/2015'])
(u'823589', [u'2016020801797003', u'P', u'1', u'BOARD OF MANAGERS OF THE TRUMP WORLD TOWER CONDO', u'845 UNITED NATIONS PLAZA', u'', u'US', u'NEW YORK', u'NY', u'10017', u'02/29/2016 12:00:00 AM', u'2014032000853003', u'A', u'2014000104008', u'1', u'AGMT', u'02/27/2014', u'5809750', u'03/26/2014', u'03/26/2014', u'0', u'0', u'0', u'0', u'07/31/2015'])
(u'127085', [u'2016050400540001', u'P', u'2', u'RESIDENTIAL BOARD OF MANAGERS OF TRUMP TOWER CONDO', u'725 FIFTH AVENUE', u'', u'US', u'NEW YORK', u'NY', u'10022', u'05/31/2016 12:00:00 AM', u'2016020500351003', u'A', u'2016000054858', u'1', u'DEED', u'02/02/2016', u'850000', u'02/18/2016', u'02/18/2016', u'0', u'0', u'0', u'100', u'02/29/2016'])
(u'1133220', [u'2017022300040003', u'P', u'2', u'BOARD OF MANAGERS OF THE TRUMP PARK AVENUE CONDO', u'502 PARK AVENUE', u'', u'US', u'NEW YORK', u'NY', u'10022', u'02/28/2017 12:00:00 AM', u'2004030300443002', u'A', u'2004000429165', u'4', u'MTGE', u'12/05/2003', u'146163.35', u'07/09/2004', u'07/09/2004', u'0', u'0', u'0', u'0', u'07/31/2015'])
(u'389020', [u'2016041801323005', u'P', u'2', u'220 RIVERSIDE BOULEVARD AT TRUMP PLACE', u'220 RIVERSIDE BOULEVARD', u'', u'US', u'NEW YORK', u'NY', u'10069', u'04/30/2016 12:00:00 AM', u'2016100501640005', u'A', u'2016000351905', u'1', u'PREL', u'09/30/2016', u'0', u'10/06/2016', u'10/06/2016', u'0', u'0', u'0', u'0', u'10/31/2016'])
(u'350442', [u'2016042800814001', u'P', u'1', u'TRUMP CPS LLC', u'725 FIFTH AVENUE', u'26TH FLOOR', u'US', u'NEW YORK', u'NY', u'10022', u'05/31/2016 12:00:00 AM', u'2016090601375004', u'A', u'2016000318211', u'1', u'MTGE', u'08/26/2016', u'326419.78', u'09/13/2016', u'09/13/2016', u'0', u'0', u'0', u'0', u'09/30/2016'])
(u'1060042', [u'2016123000453002', u'P', u'1', u'THE CONDOMINIUM BOARD OF TRUMP PALACE CONDOMINIUM', u'200 EAST 69TH STREET', u'', u'US', u'NEW YORK', u'NY', u'10021', u'01/31/2017 12:00:00 AM', u'2005020700634001', u'A', u'2005000139733', u'3', u'MTGE', u'01/26/2005', u'562000', u'03/09/2005', u'03/09/2005', u'0', u'0', u'0', u'0', u'07/31/2015'])
(u'296883', [u'2016061302777001', u'P', u'2', u'BOARD OF MANAGERS OF TRUMP WORLD TOWER CONDOMINIUM', u'845 UNITED NATIONS PLAZA', u'', u'US', u'NEW YORK', u'NY', u'10017', u'07/31/2016 12:00:00 AM', u'2016060600216001', u'A', u'2016000211475', u'1', u'TL&R', u'06/03/2016', u'0', u'06/23/2016', u'06/23/2016', u'0', u'0', u'0', u'0', u'07/31/2016'])
(u'296221', [u'2016070600605002', u'P', u'2', u'BOARD OF THE TRUMP PARC CONDOMINIUM', u'106 SOUTH CENTRAL PARK SOUTH', u'', u'US', u'NEW YORK', u'NY', u'10019', u'07/31/2016 12:00:00 AM', u'2016061000273001', u'A', u'2016000215240', u'4', u'SAT', u'06/10/2016', u'0', u'06/27/2016', u'06/27/2016', u'0', u'0', u'0', u'0', u'07/31/2016'])
(u'531858', [u'2016090600235001', u'P', u'2', u'BOARD OF MANAGERS OF THE 120 RIVERSIDE BOULEVARD', u'AT TRUMP PLACE', u'120 RIVERSIDE BOULEVARD', u'US', u'NEW YORK', u'NY', u'10069', u'09/30/2016 12:00:00 AM', u'2017030100315001', u'A', u'2017000083939', u'1', u'CORRD', u'02/08/2017', u'0', u'03/02/2017', u'03/02/2017', u'0', u'0', u'0', u'100', u'03/31/2017'])
(u'1050717', [u'2016122901232005', u'P', u'2', u'CONDOMINIUM BOARD OF THE HERITAGE AT TRUMP PLACE', u'240 RIVERSIDE BOULEVARD', u'', u'US', u'NEW YORK', u'NY', u'10069', u'01/31/2017 12:00:00 AM', u'FT_1590007925859', u'A', u'', u'1', u'ASST', u'', u'0', u'12/17/2001', u'12/18/2001', u'2001', u'3410', u'1553', u'0', u'07/31/2015'])
(u'573795', [u'2016101200938003', u'P', u'1', u'TRUMP MAXINE', u'145 JACKSON STREET #1B', u'', u'US', u'BROOKLYN', u'NY', u'11211', u'10/31/2016 12:00:00 AM', u'2015080600486002', u'A', u'2015000288939', u'3', u'MTGE', u'07/24/2015', u'5999.78', u'08/19/2015', u'08/19/2015', u'0', u'0', u'0', u'0', u'08/31/2015'])
(u'23385', [u'2016110400185005', u'P', u'2', u'THE CONDOMINIUM BOARD OF TRUMP PALACE CONDOMINIUM', u'200 EAST 69TH STREET', u'', u'US', u'NEW YORK', u'NY', u'10021', u'11/30/2016 12:00:00 AM', u'FT_4510005882651', u'A', u'', u'4', u'PAT', u'', u'0', u'12/26/1997', u'12/29/1997', u'1997', u'4763', u'192', u'0', u'07/31/2015'])
(u'1068219', [u'2017012000066001', u'P', u'1', u'TRUMP PALACE /PARC LLC', u'ATTN: LEGAL DEPT.', u'725 FIFTH AVENUE', u'US', u'NEW YORK', u'NY', u'10022', u'01/31/2017 12:00:00 AM', u'BK_6730036200220', u'A', u'', u'3', u'MTGE', u'02/16/1967', u'0', u'02/16/1967', u'02/16/1967', u'1967', u'362', u'220', u'0', u'07/31/2015'])
(u'958449', [u'2016082200618001', u'P', u'2', u'BOARD OF MANAGERS OF THE 120 RIVERSIDE BOULEVARD', u'AT TRUMP PLACE 120 RIVERSIDE BOULEVARD', u'', u'US', u'NEW YORK', u'NY', u'10069', u'08/31/2016 12:00:00 AM', u'2010063000369001', u'A', u'2010000284611', u'1', u'RPTT&RET', u'06/09/2010', u'0', u'08/23/2010', u'08/23/2010', u'0', u'0', u'0', u'100', u'07/31/2015'])
(u'1034947', [u'2017013000159001', u'P', u'1', u'TRUMP DONALD J', u'725 FIFTH AVENUE', u'', u'US', u'NEW YORK', u'NY', u'10022', u'01/31/2017 12:00:00 AM', u'FT_4160002177616', u'A', u'', u'4', u'DEED', u'01/16/1986', u'0', u'03/17/1986', u'03/17/1986', u'1986', u'2042', u'1330', u'0', u'07/31/2015'])
(u'531093', [u'2016101200938004', u'P', u'1', u'TRUMP MAXINE', u'145 JACKSON STREET #1B', u'', u'US', u'BROOKLYN', u'NY', u'11211', u'10/31/2016 12:00:00 AM', u'2017031300815001', u'A', u'2017000099197', u'1', u'ASST', u'03/07/2017', u'0', u'03/13/2017', u'03/13/2017', u'0', u'0', u'0', u'0', u'03/31/2017'])
(u'283829', [u'2016012001107001', u'P', u'1', u'TRUMP PARK AVENUE LLC', u'725 FIFTH AVENUE', u'', u'US', u'NEW YORK', u'NY', u'10022', u'01/31/2016 12:00:00 AM', u'2016061301860002', u'A', u'2016000206904', u'1', u'PAT', u'06/09/2016', u'0', u'06/20/2016', u'06/20/2016', u'0', u'0', u'0', u'0', u'07/31/2016'])
(u'195760', [u'2016111400990003', u'P', u'2', u'THE BOARD OF MANAGERS OF 200 RIVERSIDE BOULEVARD', u'AT TRUMP PLACE CONDOMINIUM', u'200 RIVERSIDE BLVD', u'US', u'NEW YORK', u'NY', u'10005', u'11/30/2016 12:00:00 AM', u'2016041201161001', u'A', u'2016000130143', u'1', u'MTGE', u'04/08/2016', u'147388', u'04/13/2016', u'04/13/2016', u'0', u'0', u'0', u'0', u'04/30/2016'])
(u'1037587', [u'2017012601056001', u'P', u'1', u'TRUMP DONALD J', u'725 FIFTH AVENUE', u'', u'US', u'NEW YORK', u'NY', u'10022', u'01/31/2017 12:00:00 AM', u'FT_4930005224393', u'A', u'', u'4', u'SAT', u'', u'0', u'06/26/1996', u'07/02/1996', u'1996', u'4368', u'625', u'0', u'07/31/2015'])
(u'201735', [u'2016102500521003', u'P', u'2', u'200 RIVERSIDE BOULEVARD AT TRUMP PLACE', u'200 RIVERSIDE BOULEVARD', u'', u'US', u'NEW YORK', u'NY', u'10069', u'10/31/2016 12:00:00 AM', u'2016032800896002', u'A', u'2016000135426', u'1', u'PAT', u'03/24/2016', u'0', u'04/19/2016', u'04/19/2016', u'0', u'0', u'0', u'0', u'04/30/2016'])
(u'369938', [u'2016062901802002', u'P', u'2', u'THE CONDOMINIUM BOARD OF TRUMP PALACE CONDOMINIUM', u'200 EAST 69TH STREET', u'', u'US', u'NEW YORK', u'NY', u'10021', u'07/31/2016 12:00:00 AM', u'2016101101549002', u'A', u'2016000364643', u'3', u'AGMT', u'09/26/2016', u'415488', u'10/18/2016', u'10/18/2016', u'0', u'0', u'0', u'0', u'10/31/2016'])
(u'646308', [u'2016040100449001', u'P', u'1', u'220 RIVERSIDE BOULEVARD AT TRUMP PLACE CONDOMINIUM', u'220 RIVERSIDE BOULEVARD', u'', u'US', u'NEW YORK', u'NY', u'10069', u'04/30/2016 12:00:00 AM', u'2015092301337001', u'A', u'2015000371773', u'3', u'EASE', u'07/23/2015', u'0', u'10/19/2015', u'10/19/2015', u'0', u'0', u'0', u'0', u'10/31/2015'])
(u'1208784', [u'2017032300610001', u'P', u'2', u'BOARD OF MANAGERS OF THE HERITAGE AT TRUMP PLACE C', u'240 RIVERSIDE BOULEVARD', u'', u'US', u'NEW YORK', u'NY', u'10069', u'03/31/2017 12:00:00 AM', u'2011050400645018', u'A', u'2011000176894', u'1', u'ASST', u'04/20/2011', u'0', u'05/17/2011', u'05/17/2011', u'0', u'0', u'0', u'0', u'07/31/2015'])
(u'1036608', [u'2017012600962001', u'P', u'2', u'THE DONALD J. TRUMP REVOCABLE TRUST', u'725 FIFTH AVENUE', u'', u'US', u'NEW YORK', u'NY', u'10022', u'01/31/2017 12:00:00 AM', u'2006110900733001', u'A', u'2006000656817', u'3', u'MTGE', u'11/07/2006', u'192000', u'11/28/2006', u'11/28/2006', u'0', u'0', u'0', u'0', u'07/31/2015'])
(u'1035943', [u'2017012701282001', u'P', u'1', u'TRUMP  DONALD  J', u'725 FIFTH AVENUE', u'', u'US', u'NEW YORK', u'NY', u'10022', u'01/31/2017 12:00:00 AM', u'2011010401299001', u'A', u'2011000015699', u'4', u'SAT', u'01/02/2011', u'0', u'01/12/2011', u'01/12/2011', u'0', u'0', u'0', u'0', u'07/31/2015'])
(u'289843', [u'2016072000201003', u'P', u'2', u'CONDOMINIUM BOARD', u'C/O THE TRUMP CORPORATION', u'725 FIFTH AVENUE 26TH FLOOR', u'US', u'NEW YORK', u'NY', u'10022', u'07/31/2016 12:00:00 AM', u'2016071101024001', u'A', u'2016000241507', u'1', u'RPTT&RET', u'06/28/2016', u'0', u'07/15/2016', u'07/15/2016', u'0', u'0', u'0', u'100', u'07/31/2016'])
(u'1115379', [u'2017020100094001', u'P', u'2', u'BOARD OF MANAGERS OF TRUMP WORLD TOWER CONDOMINIUM', u'845 UNITED NATIONS PLAZA', u'', u'US', u'NEW YORK', u'NY', u'10017', u'02/28/2017 12:00:00 AM', u'FT_4290004445729', u'A', u'', u'4', u'PAT', u'', u'0', u'09/16/1994', u'10/05/1994', u'1994', u'3974', u'877', u'0', u'07/31/2015'])
(u'42171', [u'2016113000508001', u'P', u'2', u'BOARD OF MANAGERS OF TRUMP WORLD TOWER CONDOMINIUM', u'845 UNITED NATIONS PLAZA', u'', u'US', u'NEW YORK', u'NY', u'10017', u'11/30/2016 12:00:00 AM', u'2015111201401017', u'A', u'2015000404067', u'1', u'MTGE', u'08/03/2015', u'46380', u'11/13/2015', u'11/13/2015', u'0', u'0', u'0', u'0', u'11/30/2015'])
(u'660619', [u'2016061501004003', u'P', u'2', u'THE CONDOMINIUM BOARD OF TRUMP PALACE CONDOMINIUM', u'200 EAST 69TH STREET', u'', u'US', u'NEW YORK', u'NY', u'10021', u'07/31/2016 12:00:00 AM', u'2015091700791002', u'A', u'2015000351506', u'3', u'PAT', u'09/12/2015', u'0', u'10/01/2015', u'10/01/2015', u'0', u'0', u'0', u'0', u'10/31/2015'])
(u'1054816', [u'2016120900790002', u'P', u'2', u'TRUMP PARC IS CONDOMINIUM', u'100 CENTRAL PARK SOUTH', u'', u'US', u'NEW YORK', u'NY', u'10019', u'01/31/2017 12:00:00 AM', u'FT_3890006638189', u'A', u'', u'3', u'ASST', u'', u'0', u'06/10/1999', u'06/15/1999', u'1999', u'4498', u'2150', u'0', u'07/31/2015'])
(u'1038568', [u'2017012600521001', u'P', u'1', u'TRUMP DONALD J', u'725 FIFTH AVENUE', u'', u'US', u'NEW YORK', u'NY', u'10022', u'01/31/2017 12:00:00 AM', u'2003100202247009', u'A', u'2004000220984', u'4', u'SAT', u'08/26/2003', u'0', u'04/13/2004', u'04/13/2004', u'0', u'0', u'0', u'0', u'07/31/2015'])
(u'821072', [u'2016040100449002', u'P', u'1', u'220 RIVERSIDE BOULEVARD AT TRUMP PLACE CONDOMINIUM', u'220 RIVERSIDE BOULEVARD', u'', u'US', u'NEW YORK', u'NY', u'10069', u'04/30/2016 12:00:00 AM', u'2007050700998001', u'A', u'2007000302680', u'3', u'SAT', u'05/04/2007', u'0', u'06/12/2007', u'06/12/2007', u'0', u'0', u'0', u'0', u'07/31/2015'])
(u'444977', [u'2016080800448001', u'P', u'2', u'BOARD OF MANAGERS OF TRUMP PARK CONDOMINIUM', u'106 CENTRAL PARK SOUTH', u'', u'US', u'NEW YORK', u'NY', u'10019', u'08/31/2016 12:00:00 AM', u'2016121500091004', u'A', u'2016000444625', u'1', u'MTGE', u'12/09/2016', u'2250000', u'12/15/2016', u'12/15/2016', u'0', u'0', u'0', u'0', u'12/31/2016'])
(u'1001468', [u'2017010501532002', u'P', u'2', u'TRUMP PALACE CONDOMINIUM', u'200 EAST 69TH STREET', u'', u'US', u'NEW YORK', u'NY', u'10021', u'01/31/2017 12:00:00 AM', u'2013071501360001', u'A', u'2013000312510', u'1', u'DEED', u'07/11/2013', u'0', u'08/08/2013', u'08/08/2013', u'0', u'0', u'0', u'100', u'07/31/2015'])
(u'336616', [u'2016012001107002', u'P', u'2', u'BOARD OF MANGERS OF THE TRUMP PARK AVENUE CONDO', u'502  PARK AVENUE', u'', u'US', u'NEW YORK', u'NY', u'10022', u'01/31/2016 12:00:00 AM', u'2016080900204002', u'A', u'2016000339617', u'1', u'ASST', u'06/09/2016', u'0', u'09/28/2016', u'09/28/2016', u'0', u'0', u'0', u'0', u'09/30/2016'])
(u'587645', [u'2016050301281004', u'P', u'2', u'THE TRUMP WORLD TOWER CONDOMINIUM', u'845 UNITED NATIONS PLAZA', u'', u'US', u'NEW YORK', u'NY', u'10017', u'05/31/2016 12:00:00 AM', u'2015073101093001', u'A', u'2015000273148', u'1', u'SAT', u'07/28/2015', u'0', u'08/07/2015', u'08/07/2015', u'0', u'0', u'0', u'0', u'08/31/2015'])
(u'1038569', [u'2017012600521001', u'P', u'2', u'THE DONALD J. TRUMP REVOCABLE TRUST', u'725 FIFTH AVENUE', u'', u'US', u'NEW YORK', u'NY', u'10022', u'01/31/2017 12:00:00 AM', u'FT_1220007833222', u'A', u'', u'1', u'SAGE', u'', u'0', u'10/03/2001', u'10/03/2001', u'2001', u'3366', u'1188', u'0', u'07/31/2015'])
(u'1037588', [u'2017012601056001', u'P', u'2', u'THE DONALD J. TRUMP REVOCABLE TRUST', u'725 FIFTH AVENUE', u'', u'US', u'NEW YORK', u'NY', u'10022', u'01/31/2017 12:00:00 AM', u'BK_7940117101104', u'A', u'', u'4', u'DEED', u'06/21/1979', u'0', u'06/21/1979', u'06/21/1979', u'1979', u'1171', u'1104', u'0', u'07/31/2015'])
(u'1025683', [u'2017012300863001', u'P', u'2', u'BD OF MANAGERS OF 120 RIVERSIDE BLVD @ TRUMP PLACE', u'C/O AKAM ASSOCIATES INC.', u'260 MADISON AVENUE 12TH FLOOR', u'US', u'NEW YORK', u'NY', u'10016', u'01/31/2017 12:00:00 AM', u'2012021500920001', u'A', u'2012000079136', u'1', u'DEED', u'02/10/2012', u'2410000', u'02/29/2012', u'02/29/2012', u'0', u'0', u'0', u'100', u'07/31/2015'])
(u'918141', [u'2016110100362004', u'P', u'2', u'TRUMP SOHO HOTEL CONOMINIUM', u'CONDOMINIUM BOARD OF MANAGERS', u'246 SPRING STREET', u'US', u'NEW YORK', u'NY', u'10013', u'11/30/2016 12:00:00 AM', u'FT_3020005859302', u'A', u'', u'3', u'DEED', u'10/08/1997', u'0', u'12/08/1997', u'12/08/1997', u'1997', u'4077', u'365', u'0', u'07/31/2015'])
(u'736002', [u'2016072700793004', u'P', u'2', u'THE CONDOMINIUM BOARD OF', u'TRUMP INTERNATIONAL HOTEL AND TOWER CONDOMINIUM', u'ONE CENTRAL PARK WEST  UNIT NO 918', u'US', u'NEW YORK', u'NY', u'10023', u'08/31/2016 12:00:00 AM', u'2006100400204001', u'A', u'2006000626292', u'4', u'MTGE', u'09/27/2006', u'150000', u'11/13/2006', u'11/13/2006', u'0', u'0', u'0', u'0', u'07/31/2015'])
(u'1053235', [u'2017012000372002', u'P', u'2', u'THE BOARD OF MANAGERS 120 RIVERSIDE BOULEVARD AT', u'TRUMP PLACE  120 RIVERSIDE BLVD', u'', u'US', u'NEW YORK', u'NY', u'10069', u'01/31/2017 12:00:00 AM', u'BK_6930035501240', u'A', u'', u'3', u'DEED', u'08/18/1969', u'0', u'08/18/1969', u'08/18/1969', u'1969', u'355', u'1240', u'0', u'07/31/2015'])
(u'1128201', [u'2017022500106003', u'P', u'2', u'THE TRUMP WORLD TOWER CONDOMINIUM BOARD', u'845 UNITED NATIONS PLAZA', u'', u'US', u'NEW YORK', u'NY', u'10017', u'02/28/2017 12:00:00 AM', u'2010032200228001', u'A', u'2010000102459', u'3', u'PAT', u'02/25/2010', u'0', u'03/26/2010', u'03/26/2010', u'0', u'0', u'0', u'0', u'07/31/2015'])
(u'357759', [u'2016021801395002', u'P', u'2', u'THE HERITAGE AT TRUMP PLACE CONDOMINIUM BOARD', u'240 RIVERSIDE BOULEVARD', u'', u'US', u'NEW YORK', u'NY', u'10069', u'03/31/2016 12:00:00 AM', u'2016080500053001', u'A', u'2016000333787', u'3', u'SAT', u'07/26/2016', u'0', u'09/23/2016', u'09/23/2016', u'0', u'0', u'0', u'0', u'09/30/2016'])
(u'977476', [u'2016051600273001', u'P', u'1', u'502 6G LLC', u'C/O 725 FIFTH AVENUE', u'ATTN.: IVANKA TRUMP', u'US', u'NEW YORK', u'NY', u'10022', u'05/31/2016 12:00:00 AM', u'FT_1360000360736', u'A', u'', u'1', u'MTGE', u'', u'40000', u'01/03/1990', u'01/03/1990', u'1990', u'1754', u'687', u'0', u'07/31/2015'])
(u'1051792', [u'2017011800654002', u'P', u'2', u'TRUMP PARC CONDO BD OF MANAGERS', u'106 CENTRAL PARK SOUTH', u'', u'US', u'NEW YORK', u'NY', u'10019', u'01/31/2017 12:00:00 AM', u'FT_3520001481152', u'A', u'', u'3', u'DEED', u'04/20/1989', u'0', u'09/05/1989', u'09/05/1989', u'1989', u'2442', u'2161', u'0', u'07/31/2015'])
(u'482242', [u'2016033000093002', u'P', u'2', u'BOARD OF MANAGERS / TRUMP PALACE CONDOMINIUM', u'C/O THE TRUMP CORPORATION', u'725 FIFTH AVENUE 26TH FLOOR', u'US', u'NEW YORK', u'NY', u'10022', u'04/30/2016 12:00:00 AM', u'2017012001325002', u'A', u'2017000029096', u'1', u'PAT', u'10/07/2016', u'0', u'01/23/2017', u'01/23/2017', u'0', u'0', u'0', u'0', u'01/31/2017'])
(u'1036972', [u'2017012601396001', u'P', u'1', u'TRUMP DONALD  J', u'725 FIFTH AVENUE', u'', u'US', u'NEW YORK', u'NY', u'10022', u'01/31/2017 12:00:00 AM', u'BK_7530077101754', u'A', u'', u'3', u'MTGE', u'04/02/1975', u'0', u'04/02/1975', u'04/02/1975', u'1975', u'771', u'1754', u'0', u'07/31/2015'])
(u'361135', [u'2016021501816001', u'P', u'1', u'120 RIVERSIDE BOULEVARD AT TRUMP PLACE CONDOMINIUM', u'C/O AKAM ASSOCIATES INC.', u'260 MADISON AVENUE 12TH FLOOR', u'US', u'NEW YORK', u'NY', u'10016', u'03/31/2016 12:00:00 AM', u'2016092601023001', u'A', u'2016000337635', u'1', u'SAT', u'09/12/2016', u'0', u'09/27/2016', u'09/27/2016', u'0', u'0', u'0', u'0', u'09/30/2016'])
(u'278945', [u'2016100500192002', u'P', u'2', u'BOARD OF MANAGERS OF TRUMP SOHO HOTEL CONDOMINIUM', u'246 SPRING STREET', u'', u'US', u'NEW YORK', u'NY', u'10013', u'10/31/2016 12:00:00 AM', u'2016062800988001', u'A', u'2016000225433', u'1', u'MTGE', u'03/16/2016', u'280000', u'07/05/2016', u'07/05/2016', u'0', u'0', u'0', u'0', u'07/31/2016'])
(u'1135336', [u'2017020700261002', u'P', u'2', u'TRUMP SOHO HOTEL CONDOMINIUM NEW YORK', u'246 SPRING STREET', u'', u'US', u'NEW YORK', u'NY', u'10013', u'02/28/2017 12:00:00 AM', u'FT_3550007525255', u'A', u'', u'3', u'MTGE', u'', u'571368.54', u'02/14/2001', u'02/22/2001', u'2001', u'5077', u'1994', u'0', u'07/31/2015'])
(u'1048599', [u'2017012700210002', u'P', u'2', u'BOARD OF MANAGERS OF THE 220 RIVERSIDE BOULEVARD', u'AT TRUMP PLACE CONDOMINIUM', u'220 RIVERSIDE BOULEVARD', u'US', u'NEW YORK', u'NY', u'10069', u'01/31/2017 12:00:00 AM', u'BK_7120016400430', u'A', u'', u'2', u'ASST', u'09/03/1971', u'0', u'09/03/1971', u'09/03/1971', u'1971', u'164', u'430', u'0', u'07/31/2015'])
(u'63533', [u'2016011500466004', u'P', u'2', u'220 RIVERSIDE BOULEVARD AT TRUMP PLAZA', u'220 RIVERSIDE BOULEVARD', u'', u'US', u'NEW YORK', u'NY', u'10069', u'01/31/2016 12:00:00 AM', u'2015121800482001', u'A', u'2015000456909', u'1', u'DEED', u'11/24/2015', u'545000', u'12/24/2015', u'12/24/2015', u'0', u'0', u'0', u'100', u'12/31/2015'])
(u'1001466', [u'2017010501532003', u'P', u'2', u'TRUMP PALACE CONDOMINIUM', u'200 EAST 69TH STREET', u'', u'US', u'NEW YORK', u'NY', u'10021', u'01/31/2017 12:00:00 AM', u'2007070900543002', u'A', u'2007000498590', u'3', u'CORRD', u'06/28/2007', u'1', u'09/28/2007', u'09/28/2007', u'0', u'0', u'0', u'100', u'07/31/2015'])
(u'787516', [u'2016012800624002', u'P', u'2', u'BOARD OF MANAGERS', u'THE TRUMP CORPORATION', u'725 FIFTH AVENUE', u'US', u'NEW YORK', u'NY', u'10022', u'02/29/2016 12:00:00 AM', u'FT_4010005520001', u'A', u'', u'4', u'DEED', u'02/05/1997', u'0', u'03/06/1997', u'03/07/1997', u'1997', u'4539', u'202', u'0', u'07/31/2015'])
(u'831983', [u'2016101300471003', u'P', u'2', u'TRUMP PLACE CONDOMINIUM - BOARD OF MANAGERS', u'200 EAST 69TH STREET', u'', u'US', u'NEW YORK', u'NY', u'10021', u'10/31/2016 12:00:00 AM', u'FT_4710002971271', u'A', u'', u'4', u'PAT', u'', u'0', u'07/20/1993', u'07/20/1993', u'1993', u'3616', u'1291', u'0', u'07/31/2015'])
(u'602570', [u'2016100500192001', u'P', u'1', u'STEEL LUX TRUMP2804 INC.', u'590 MADISON AVENUE SUITE 2100', u'C/O BOSCHINI INTERNATIONAL LAW OFFICES PLLC', u'US', u'NEW YORK', u'NY', u'10022', u'10/31/2016 12:00:00 AM', u'2015082601004001', u'A', u'2015000316557', u'2', u'RPTT', u'07/29/2015', u'380000', u'09/10/2015', u'09/10/2015', u'0', u'0', u'0', u'100', u'09/30/2015'])
(u'322788', [u'2016101101662002', u'P', u'2', u'THE CONDOMINIUM BOARD OF TRUMP PALACE CONDOMINIUM', u'200 EAST 69TH STREET', u'', u'US', u'NEW YORK', u'NY', u'10021', u'10/31/2016 12:00:00 AM', u'2016072800141004', u'A', u'2016000269259', u'1', u'PREL', u'07/20/2016', u'0', u'08/05/2016', u'08/05/2016', u'0', u'0', u'0', u'0', u'08/31/2016'])
(u'950008', [u'2016112901129002', u'P', u'2', u'BOARD OF MANAGERS OF THE HERITAGE AT TRUMP PLACE', u'240 RIVERSIDE BOULEVARD', u'', u'US', u'NEW YORK', u'NY', u'10069', u'12/31/2016 12:00:00 AM', u'2006050402005001', u'A', u'2006000276290', u'4', u'SAT', u'04/28/2006', u'0', u'05/18/2006', u'05/18/2006', u'0', u'0', u'0', u'0', u'07/31/2015'])
(u'474290', [u'2016102000616004', u'P', u'2', u'BOARD OF MANAGERS', u'TRUMP PLACE CONDOMINIUM', u'220 RIVERSIDE BOULEVARD', u'US', u'NEW YORK', u'NY', u'10069', u'10/31/2016 12:00:00 AM', u'2017010300807001', u'A', u'2017000003301', u'1', u'DTL', u'11/10/2016', u'0', u'01/04/2017', u'01/04/2017', u'0', u'0', u'0', u'0', u'01/31/2017'])
(u'979807', [u'2016042201038002', u'P', u'2', u'220 RIVERSIDE BOULEVARD AT TRUMP PLACE', u'220 RIVERSIDE BLVD', u'', u'US', u'NEW YORK', u'NY', u'10069', u'04/30/2016 12:00:00 AM', u'2008042801571001', u'A', u'2008000178106', u'1', u'RPTT&RET', u'04/28/2008', u'30462.74', u'05/02/2008', u'05/02/2008', u'0', u'0', u'0', u'100', u'07/31/2015'])
(u'445330', [u'2016070801028002', u'P', u'2', u'BOARD OF MANAGERS TRUMP PARC CONDOMINIUM', u'106 CENTRAL PARK SOUTH', u'', u'US', u'NY', u'NY', u'10019', u'07/31/2016 12:00:00 AM', u'2016122900895004', u'A', u'2016000464699', u'1', u'PAT', u'12/15/2016', u'0', u'12/30/2016', u'12/30/2016', u'0', u'0', u'0', u'0', u'12/31/2016'])
(u'1018235', [u'2017012600674001', u'P', u'1', u'TRUMP DONALD J', u'725 FIFTH AVENUE', u'', u'US', u'NEW YORK', u'NY', u'10022', u'01/31/2017 12:00:00 AM', u'BK_6620009400227', u'A', u'', u'2', u'REL', u'07/11/1966', u'0', u'07/11/1966', u'07/11/1966', u'1966', u'94', u'227', u'0', u'07/31/2015'])
(u'387991', [u'2016022400886002', u'P', u'2', u'BOARD OF MANAGERS AT TRUMP TOWER CONDOMINIUM', u'721 FIFTH AVENUE', u'', u'US', u'NEW YORK', u'NY', u'10022', u'03/31/2016 12:00:00 AM', u'2016092800717002', u'A', u'2016000347382', u'3', u'PAT', u'09/26/2016', u'0', u'10/04/2016', u'10/04/2016', u'0', u'0', u'0', u'0', u'10/31/2016'])
(u'812729', [u'2016101200938001', u'P', u'1', u'TRUMP MAXINE', u'145 JACKSON STREET UNIT 1B', u'', u'US', u'BROOKLYN', u'NY', u'11211', u'10/31/2016 12:00:00 AM', u'BK_8130122801706', u'A', u'', u'3', u'DEED', u'04/01/1981', u'0', u'04/01/1981', u'04/01/1981', u'1981', u'1228', u'1706', u'0', u'07/31/2015'])
(u'1229136', [u'2017032000372002', u'P', u'2', u'BOARD OF MANAGERS 200 RIVERSIDE BOULEVARD AT TRUMP', u'PLACE', u'200 RIVERSIDE BOULEVARD', u'US', u'NEW YORK', u'NY', u'10069', u'03/31/2017 12:00:00 AM', u'BK_7630084001727', u'A', u'', u'3', u'DEED', u'04/13/1976', u'0', u'04/13/1976', u'04/13/1976', u'1976', u'840', u'1727', u'0', u'07/31/2015'])
(u'191726', [u'2016032300228002', u'P', u'2', u'BOARD OF MANAGERS OF 120 RIVERSIDE BOULEVARD', u'AT TRUMP PLACE', u'120 RIVERSIDE BOULEVARD', u'US', u'NEW YORK', u'NY', u'10023', u'04/30/2016 12:00:00 AM', u'2016041300659001', u'A', u'2016000136326', u'1', u'DEED', u'04/06/2016', u'3607621.88', u'04/19/2016', u'04/19/2016', u'0', u'0', u'0', u'100', u'04/30/2016'])
(u'477642', [u'2016020200784003', u'P', u'2', u'THE TRUMP WORLD TOWER CONDOMINIUM BOARD OF MANAGER', u'845 UNITED NATIONS PLAZA', u'', u'US', u'NEW YORK', u'NY', u'10017', u'02/29/2016 12:00:00 AM', u'2017011000137002', u'A', u'2017000012482', u'1', u'MTGE', u'09/01/2016', u'1950000', u'01/10/2017', u'01/10/2017', u'0', u'0', u'0', u'0', u'01/31/2017'])
(u'814052', [u'2016090100743004', u'P', u'2', u'BOARD OF MANAGERS OF', u'120 RIVERSIDE BOULEVARD AT TRUMP PLACE', u'120 RIVERSIDE BOULEVARD', u'US', u'NEW YORK', u'NY', u'10021', u'09/30/2016 12:00:00 AM', u'FT_1020000341702', u'A', u'', u'1', u'MTGE', u'', u'290940.43', u'05/18/1990', u'05/18/1990', u'1990', u'1694', u'998', u'0', u'07/31/2015'])
(u'27084', [u'2016040501244002', u'P', u'1', u'TRUMP TOWER CONDOMINIUM', u'721 FIFTH AVENUE', u'', u'US', u'NEW YORK', u'NY', u'10022', u'04/30/2016 12:00:00 AM', u'2006061300426005', u'A', u'2006000343102', u'3', u'MTGE', u'06/05/2006', u'142500', u'06/16/2006', u'06/16/2006', u'0', u'0', u'0', u'0', u'07/31/2015'])
(u'759782', [u'2016011401138001', u'P', u'1', u'200 RIVERSIDE BOULEVARD AT TRUMP PLACE CONDOMINIUM', u'200 RIVERSIDE BOULEVARD', u'', u'US', u'NEW YORK', u'NY', u'10069', u'01/31/2016 12:00:00 AM', u'2007121000898002', u'A', u'2007000617662', u'4', u'MTGE', u'11/30/2007', u'165000', u'12/18/2007', u'12/18/2007', u'0', u'0', u'0', u'0', u'07/31/2015'])
(u'1018236', [u'2017012600674001', u'P', u'2', u'THE DONALD J. TRUMP REVOCABLE TRUST', u'725 FIFTH AVENUE', u'', u'US', u'NEW YORK', u'NY', u'10022', u'01/31/2017 12:00:00 AM', u'2005070101575001', u'A', u'2005000563074', u'1', u'MTGE', u'06/21/2005', u'50000', u'10/07/2005', u'10/07/2005', u'0', u'0', u'0', u'0', u'07/31/2015'])
(u'602804', [u'2016080800666003', u'P', u'2', u'CONDOMINIUM BOARD', u'C/O THE TRUMP CORPORATION', u'725 FIFTH AVENUE 26TH FLOOR', u'US', u'NEW YORK', u'NY', u'10022', u'08/31/2016 12:00:00 AM', u'2015090301223010', u'A', u'2015000311577', u'1', u'DEED TS', u'08/11/2015', u'41324', u'09/04/2015', u'09/04/2015', u'0', u'0', u'0', u'100', u'09/30/2015'])
(u'1034948', [u'2017013000159001', u'P', u'2', u'THE DONALD J. TRUMP REVOCABLE TRUST', u'725 FIFTH AVENUE', u'', u'US', u'NEW YORK', u'NY', u'10022', u'01/31/2017 12:00:00 AM', u'2010123000595002', u'A', u'2011000012135', u'4', u'ASST', u'10/16/2010', u'0', u'01/11/2011', u'01/11/2011', u'0', u'0', u'0', u'0', u'07/31/2015'])
(u'521219', [u'2016092000313002', u'P', u'2', u'CONDOMINIUM BOARD OF THE HERITAGE AT TRUMP PLACE', u'240 RIVERSIDE BOULEVARD', u'', u'US', u'NEW YORK', u'NY', u'10069', u'09/30/2016 12:00:00 AM', u'2017020201651006', u'A', u'2017000053008', u'1', u'TL&R', u'01/31/2017', u'0', u'02/07/2017', u'02/07/2017', u'0', u'0', u'0', u'0', u'02/28/2017'])
(u'739910', [u'2016012200474001', u'P', u'2', u'RESIDENTIAL BOARD OF MANAGERS OF THE TRUMP TOWER C', u'725 FIFTH AVENUE', u'', u'US', u'NEW YORK', u'NY', u'10022', u'01/31/2016 12:00:00 AM', u'BK_7030042500264', u'A', u'', u'3', u'DEED', u'07/23/1970', u'0', u'07/23/1970', u'07/23/1970', u'1970', u'425', u'264', u'0', u'07/31/2015'])
(u'818440', [u'2016050300753004', u'P', u'2', u'120 RIVERSIDE BOULEVARD AT TRUMP PLACE BOARD OF', u'MANAGERS', u'120 RIVERSIDE BOULEVARD', u'US', u'NEW YORK', u'NY', u'10069', u'05/31/2016 12:00:00 AM', u'FT_4260007647726', u'A', u'', u'4', u'MTGE', u'', u'290250', u'05/03/2001', u'05/11/2001', u'2001', u'5862', u'2439', u'0', u'07/31/2015'])
(u'1035944', [u'2017012701282001', u'P', u'2', u'THE DONALD J. TRUMP REVOCABLE TRUST', u'725 FIFTH AVENUE', u'', u'US', u'NEW YORK', u'NY', u'10022', u'01/31/2017 12:00:00 AM', u'BK_6930035101894', u'A', u'', u'3', u'DEED', u'08/01/1969', u'0', u'08/01/1969', u'08/01/1969', u'1969', u'351', u'1894', u'0', u'07/31/2015'])
(u'65936', [u'2016060101225003', u'P', u'2', u'TRUMP INTERNATIONAL HOTEL TOWER CONDOMINIUM', u'ONE CENTRAL PARK WEST', u'', u'US', u'NEW YORK', u'NY', u'10023', u'06/30/2016 12:00:00 AM', u'2015121500268001', u'A', u'2015000448154', u'1', u'DEED', u'12/07/2015', u'443000', u'12/18/2015', u'12/18/2015', u'0', u'0', u'0', u'100', u'12/31/2015'])
(u'390778', [u'2016021101024004', u'P', u'2', u'BD OF MGRS OF THE TRUMP WORLD TOWER CONDOMINIUM', u'845 UNITED NATIONS PLAZA', u'', u'US', u'NEW YORK', u'NY', u'10017', u'02/29/2016 12:00:00 AM', u'2016092101225001', u'A', u'2016000347609', u'1', u'SAGE', u'09/21/2016', u'0', u'10/04/2016', u'10/04/2016', u'0', u'0', u'0', u'0', u'10/31/2016'])
(u'704870', [u'2016061401281001', u'P', u'2', u'BOARD OF MANAGERS OF TRUMP PARC CONDOMINIUM', u'106 CENTRAL PARK SOUTH', u'', u'US', u'NEW YORK', u'NY', u'10019', u'07/31/2016 12:00:00 AM', u'FT_4710006763271', u'A', u'', u'4', u'MTGE', u'', u'50000', u'08/03/1999', u'09/10/1999', u'1999', u'5332', u'661', u'0', u'07/31/2015'])
(u'888712', [u'2016021501895001', u'P', u'1', u'120 RIVERSIDE BOULEVARD AT TRUMP PLACE CONDOMINIUM', u'C/O AKAM ASSOCIATES INC.', u'260 MADISON AVENUE 12TH FLOOR', u'US', u'NEW YORK', u'NY', u'10016', u'03/31/2016 12:00:00 AM', u'2011081801138001', u'A', u'2011000315651', u'4', u'ASST', u'08/02/2011', u'0', u'09/06/2011', u'09/06/2011', u'0', u'0', u'0', u'0', u'07/31/2015'])
(u'721794', [u'2016031800726001', u'P', u'1', u'TRUMP PRESIDENTIAL INC.', u'55 WALL STREET', u'UNIT 506', u'US', u'NEW YORK', u'NY', u'10005', u'03/31/2016 12:00:00 AM', u'2003123100972001', u'A', u'2004000134890', u'4', u'SAT', u'12/22/2003', u'0', u'03/05/2004', u'03/05/2004', u'0', u'0', u'0', u'0', u'07/31/2015'])
(u'82661', [u'2016040100918004', u'P', u'2', u'BOARD OF MANAGERS OF THE TRUMP PLACE CONDOMINIUM', u'220 RIVERSIDE BOULEVARD', u'', u'US', u'NEW YORK', u'NY', u'10069', u'04/30/2016 12:00:00 AM', u'2015121601516001', u'A', u'2015000451546', u'1', u'SAT', u'12/14/2015', u'0', u'12/21/2015', u'12/21/2015', u'0', u'0', u'0', u'0', u'12/31/2015'])
(u'1034934', [u'2017012701324001', u'P', u'2', u'THE DONALD J. TRUMP REVOCABLE TRUST', u'725 FIFTH AVENUE', u'', u'US', u'NEW YORK', u'NY', u'10022', u'01/31/2017 12:00:00 AM', u'FT_2830004567883', u'A', u'', u'2', u'SAT', u'', u'0', u'12/20/1994', u'04/11/1995', u'1994', u'1288', u'293', u'0', u'07/31/2015'])
(u'965692', [u'2016062102102001', u'P', u'2', u'THE CONDOMINIUM BOARD OF TRUMP PALACE CONDOMINIUM', u'725 FIFTH AVENUE', u'26 FLOOR', u'US', u'NEW YORK', u'NY', u'10022', u'07/31/2016 12:00:00 AM', u'2005112101161001', u'A', u'2006000002983', u'2', u'DEED', u'11/08/2005', u'865512.5', u'01/04/2006', u'01/04/2006', u'0', u'0', u'0', u'100', u'07/31/2015'])
(u'1232916', [u'2017030700200003', u'P', u'2', u'CONDOMINIUM BOARD OF TRUMP PARC EAST CONDOMINIUM', u'100 CENTRAL PARK SOUTH', u'', u'US', u'NEW YORK', u'NY', u'10019', u'03/31/2017 12:00:00 AM', u'2011031800431001', u'A', u'2011000115487', u'2', u'SAT', u'03/18/2011', u'0', u'03/31/2011', u'03/31/2011', u'0', u'0', u'0', u'0', u'07/31/2015'])
(u'1062939', [u'2017010400315002', u'P', u'1', u'TRUMP VILLAGE SECTION 3 INC.', u'2915 WEST 5TH STREET', u'', u'US', u'BROOKLYN', u'NY', u'11224', u'01/31/2017 12:00:00 AM', u'2008102700140006', u'A', u'2008000435093', u'1', u'PREL', u'10/14/2008', u'0', u'11/10/2008', u'11/10/2008', u'0', u'0', u'0', u'0', u'07/31/2015'])
(u'442627', [u'2016031000590004', u'P', u'2', u'22O RIVERSIDE BOULEVARD AT TRUMP PLACE', u'THE CONDOMINIUM BOARD', u'220 RIVERSIDE BLVD', u'US', u'NEW YORK', u'NY', u'10069', u'03/31/2016 12:00:00 AM', u'2016122800167001', u'A', u'2016000463114', u'1', u'MTGE', u'12/12/2016', u'10110', u'12/29/2016', u'12/29/2016', u'0', u'0', u'0', u'0', u'12/31/2016'])
(u'741120', [u'2016040501244001', u'P', u'1', u'TRUMP TOWER CONDOMINIUM', u'721 FIFTH AVENUE', u'', u'US', u'NEW YORK', u'NY', u'10022', u'04/30/2016 12:00:00 AM', u'FT_4020007431902', u'A', u'', u'4', u'MTGE', u'', u'300000', u'11/20/2000', u'12/07/2000', u'2000', u'5724', u'557', u'0', u'07/31/2015'])
(u'220515', [u'2016082901087001', u'P', u'1', u'SETH STRUMPH AS ADMINISTRATOR', u'632 12TH STREET UNIT 1', u'', u'US', u'BROOKLYN', u'NY', u'11215', u'09/30/2016 12:00:00 AM', u'2016050501159001', u'A', u'2016000182669', u'4', u'DEED LE', u'12/29/2015', u'0', u'05/31/2016', u'05/31/2016', u'0', u'0', u'0', u'100', u'05/31/2016'])
(u'172054', [u'2016041101385003', u'P', u'2', u'BOARD MANAGERS OF TRUMP PARK AVENUE CONDOMINIUM', u'502 PARK AVENUE', u'', u'US', u'NEW YORK', u'NY', u'10022', u'04/30/2016 12:00:00 AM', u'2016031701083001', u'A', u'2016000101264', u'1', u'PREL', u'01/13/2016', u'0', u'03/22/2016', u'03/22/2016', u'0', u'0', u'0', u'0', u'03/31/2016'])
(u'890632', [u'2016120500585002', u'P', u'2', u'BOARD OF MANAGERS TRUMP PALACE CONDOMINIUM', u'200 EAST 69TH STREET', u'', u'US', u'NEW YORK', u'NY', u'10021', u'12/31/2016 12:00:00 AM', u'2003090302059002', u'A', u'2003000473087', u'3', u'MTGE', u'08/26/2003', u'322700', u'11/25/2003', u'11/25/2003', u'0', u'0', u'0', u'0', u'07/31/2015'])
(u'661922', [u'2016011500792006', u'P', u'1', u'NEW YORK EXPERTISE DEVELOPMENT LTD. C/O', u'JAJAN AND ASSOCIATES PLLC TRUMP BUILDING', u'40 WALL STREET 25TH FLOOR SUITE 2506', u'US', u'NEW YORK', u'NY', u'10005', u'02/29/2016 12:00:00 AM', u'2015102001487001', u'A', u'2015000378654', u'4', u'DEED', u'07/17/2015', u'0', u'10/22/2015', u'10/22/2015', u'0', u'0', u'0', u'100', u'10/31/2015'])
(u'360133', [u'2016082600138001', u'P', u'2', u'BOARD OF MANAGERS OF THE HERITAGE AT TRUMP PLACE C', u'240 RIVERSIDE BOULEVARD', u'', u'US', u'NEW YORK', u'NY', u'10023', u'08/31/2016 12:00:00 AM', u'2016092600700001', u'A', u'2016000338830', u'1', u'RPTT&RET', u'09/08/2016', u'140000', u'09/28/2016', u'09/28/2016', u'0', u'0', u'0', u'100', u'09/30/2016'])
(u'438720', [u'2016092300530005', u'P', u'2', u'TRUMP PLACE', u'120 RIVERSIDE BOULEVARD', u'', u'US', u'NEW YORK', u'NY', u'10069', u'09/30/2016 12:00:00 AM', u'2016122000954001', u'A', u'2016000453502', u'1', u'DEED', u'12/06/2016', u'695000', u'12/21/2016', u'12/21/2016', u'0', u'0', u'0', u'100', u'12/31/2016'])
(u'1131959', [u'2017020201617003', u'P', u'2', u'120 RIVERSIDE BOULEVARD AT TRUMP PLACE', u'BOARD OF MANAGERS', u'120 RIVERSIDE BOULEVARD', u'US', u'NEW YORK', u'NY', u'10069', u'02/28/2017 12:00:00 AM', u'FT_4920004148092', u'A', u'', u'4', u'MTGE', u'', u'76000', u'02/09/1994', u'02/09/1994', u'1994', u'3783', u'1753', u'0', u'07/31/2015'])
(u'776738', [u'2016020900846004', u'P', u'2', u'THE CONDOMINIUM BOARD OF', u'TRUMP INTERNATIONAL HOTEL AND TOWER CONDOMINIUM', u'ONE CENTRAL PARK WEST', u'US', u'NEW YORK', u'NY', u'10023', u'04/30/2016 12:00:00 AM', u'FT_3790005597079', u'A', u'', u'3', u'MTGE', u'', u'180000', u'05/02/1997', u'07/09/1999', u'1997', u'3932', u'1741', u'0', u'07/31/2015'])
(u'674151', [u'2016060300650005', u'P', u'1', u'STRUMP NANETTE', u'630 HARRISON AVENUE', u'', u'US', u'EAST MEADOW', u'NY', u'11554', u'06/30/2016 12:00:00 AM', u'2005052501859003', u'A', u'2005000324502', u'1', u'DEED', u'05/18/2005', u'2400000', u'06/03/2005', u'06/03/2005', u'0', u'0', u'0', u'100', u'07/31/2015'])
(u'455776', [u'2016062900020003', u'P', u'2', u'THE BOARD OF MANAGERS OF THE 220 RIVERSIDE BLVD', u'AT TRUMP PLACE CONDOMINIUM', u'220 RIVERSIDE BOULEVARD', u'US', u'NEW YORK', u'NY', u'10069', u'07/31/2016 12:00:00 AM', u'2016122000681001', u'A', u'2016000461364', u'4', u'SAT', u'12/20/2016', u'0', u'12/28/2016', u'12/28/2016', u'0', u'0', u'0', u'0', u'12/31/2016'])
(u'845287', [u'2016022601220004', u'P', u'2', u'120 RIVERSIDE BOULEVARD AT TRUMP PLACE BOARD', u'120 RIVERSIDE BOULEVARD', u'', u'US', u'NEW YORK', u'NY', u'10069', u'03/31/2016 12:00:00 AM', u'2004083102010001', u'A', u'2004000646033', u'4', u'MTGE', u'07/30/2004', u'500000', u'10/19/2004', u'10/19/2004', u'0', u'0', u'0', u'0', u'07/31/2015'])
(u'885802', [u'2016072600777002', u'P', u'2', u'220 RIVERSIDE BOULEVARD AT TRUMP PLACE', u'220 RIVERSIDE BOULEVARD', u'', u'US', u'NEW YORK', u'NY', u'10069', u'08/31/2016 12:00:00 AM', u'FT_3180004880518', u'A', u'', u'3', u'MTGE', u'', u'157500', u'08/02/1995', u'10/19/1995', u'1995', u'3556', u'2130', u'0', u'07/31/2015'])
(u'159750', [u'2016012500856002', u'P', u'2', u'BOARD OF TRUMP PARC CONDOMINIUM', u'106 CENTRAL PARK SOUTH', u'', u'US', u'NEW YORK', u'NY', u'10019', u'02/29/2016 12:00:00 AM', u'2016031100344001', u'A', u'2016000092454', u'1', u'M&CON', u'01/13/2016', u'307101.34', u'03/16/2016', u'03/16/2016', u'0', u'0', u'0', u'0', u'03/31/2016'])
(u'634651', [u'2016082600115001', u'P', u'2', u'BOARD OF MANAGERS OF THE HERITAGE AT TRUMP PLACE C', u'240 RIVERSIDE BOULEVARD', u'', u'US', u'NEW YORK', u'NY', u'10023', u'08/31/2016 12:00:00 AM', u'2015071501373001', u'A', u'2015000382039', u'1', u'DTL', u'10/29/2014', u'0', u'10/26/2015', u'10/26/2015', u'0', u'0', u'0', u'0', u'10/31/2015'])
(u'650123', [u'2016011500792005', u'P', u'1', u'NEW YORK EXPERTISE DEVELOPMENT LTD. C/O', u'JAJAN AND ASSOCIATES PLLC TRUMP BUILDING', u'40 WALL STREET 25TH FLOOR SUITE 2506', u'US', u'NEW YORK', u'NY', u'10005', u'02/29/2016 12:00:00 AM', u'2015060500673012', u'A', u'2015000359211', u'1', u'PAT', u'01/02/2015', u'0', u'10/07/2015', u'10/07/2015', u'0', u'0', u'0', u'0', u'10/31/2015'])
(u'665174', [u'2016011401138002', u'P', u'1', u'200 RIVERSIDE BOULEVARD AT TRUMP PLACE CONDOMINIUM', u'200 RIVERSIDE BOULEVARD', u'', u'US', u'NEW YORK', u'NY', u'10069', u'01/31/2016 12:00:00 AM', u'2006020600881001', u'A', u'2006000088875', u'4', u'PAT', u'01/20/2006', u'0', u'02/14/2006', u'02/14/2006', u'0', u'0', u'0', u'0', u'07/31/2015'])
