(u'195760', [u'2016111400990003', u'P', u'2', u'THE BOARD OF MANAGERS OF 200 RIVERSIDE BOULEVARD', u'AT TRUMP PLACE CONDOMINIUM', u'200 RIVERSIDE BLVD', u'US', u'NEW YORK', u'NY', u'10005', u'11/30/2016 12:00:00 AM'])
(u'390778', [u'2016021101024004', u'P', u'2', u'BD OF MGRS OF THE TRUMP WORLD TOWER CONDOMINIUM', u'845 UNITED NATIONS PLAZA', u'', u'US', u'NEW YORK', u'NY', u'10017', u'02/29/2016 12:00:00 AM'])
(u'363927', [u'2016082901087001', u'P', u'1', u'THE ESTATE  OF CAROLE STRUMPH', u'632 12TH STREET UNIT #1', u'', u'US', u'BROOKLYN', u'NY', u'11215', u'09/30/2016 12:00:00 AM'])
(u'1025683', [u'2017012300863001', u'P', u'2', u'BD OF MANAGERS OF 120 RIVERSIDE BLVD @ TRUMP PLACE', u'C/O AKAM ASSOCIATES INC.', u'260 MADISON AVENUE 12TH FLOOR', u'US', u'NEW YORK', u'NY', u'10016', u'01/31/2017 12:00:00 AM'])
(u'455776', [u'2016062900020003', u'P', u'2', u'THE BOARD OF MANAGERS OF THE 220 RIVERSIDE BLVD', u'AT TRUMP PLACE CONDOMINIUM', u'220 RIVERSIDE BOULEVARD', u'US', u'NEW YORK', u'NY', u'10069', u'07/31/2016 12:00:00 AM'])
(u'288961', [u'2016031600179002', u'P', u'1', u'220 RIVERSIDE BOULEVARD AT TRUMP PLACE', u'220 RIVERSIDE BOULEVARD', u'', u'US', u'NEW YORK', u'NY', u'10069', u'03/31/2016 12:00:00 AM'])
(u'982212', [u'2016052500036001', u'P', u'2', u'CONDOMINIUM BOARD OF THE TRUMP WORLD TOWER CONDO', u'845 UNITED NATIONS PLAZA', u'', u'US', u'NEW YORK', u'NY', u'10017', u'06/30/2016 12:00:00 AM'])
(u'1083618', [u'2017020201456001', u'P', u'1', u'TRUMP INTERNATIONAL HOTELS MANAGEMENT LLC', u'160 VARICK STREET', u'', u'US', u'NEW YORK', u'NY', u'10013', u'02/28/2017 12:00:00 AM'])
(u'766469', [u'2016062003590003', u'P', u'2', u'BD OF MGRS OF TRUMP TOWER CONDOMINIUMS', u'721 FIFTH AVENUE', u'', u'US', u'NEW YORK', u'NY', u'10022', u'07/31/2016 12:00:00 AM'])
(u'742005', [u'2016102500590004', u'P', u'2', u'THE HERITAGE AT TRUMP PLACE CONDOMINIUM', u'240 RIVERSIDE BLVD', u'', u'US', u'NEW YORK', u'NY', u'10069', u'11/30/2016 12:00:00 AM'])
(u'295677', [u'2016102000885003', u'P', u'2', u'TRUMP PALACE CONDOMINIUM', u'200 EAST 69TH STREET', u'', u'US', u'NEW YORK', u'NY', u'10065', u'10/31/2016 12:00:00 AM'])
(u'1233909', [u'2017030600438004', u'P', u'2', u'CONDOMINIUM BOARD', u'TRUMP TOWER CONDOMINIUM', u'721 FIFTH AVENUE', u'US', u'NEW YORK', u'NY', u'10022', u'03/31/2017 12:00:00 AM'])
(u'1052667', [u'2017010401056004', u'P', u'2', u'CONDOMINIUM BOARD', u'C/O THE TRUMP CORPORATION', u'725 FIFTH AVENUE 26TH FLOOR', u'US', u'NEW YORK', u'NY', u'10022', u'01/31/2017 12:00:00 AM'])
(u'275006', [u'2016011500792004', u'P', u'1', u'NEW YORK EXPERTISE DEVELOPMENT LTD. C/O', u'JAJAN AND ASSOCIATES PLLC TRUMP BUILDING', u'40 WALL STREET 25TH FLOOR SUITE 2506', u'US', u'NEW YORK', u'NY', u'10005', u'02/29/2016 12:00:00 AM'])
(u'1047737', [u'2017012500524001', u'P', u'2', u'STRUMPH CAROLINE', u'404 EIGHT AVENUE', u'UNIT 3A', u'US', u'BROOKLYN', u'NY', u'11215', u'01/31/2017 12:00:00 AM'])
(u'958813', [u'2016080100039005', u'P', u'1', u'BOARD OF MANAGERS OF THE 120 RIVERSIDE BOULEVARD', u'AT TRUMP PLACE CONDOMINIUM', u'120 RIVERSIDE BLVD.', u'US', u'NEW YORK', u'NY', u'10069', u'08/31/2016 12:00:00 AM'])
(u'884332', [u'2016040500437003', u'P', u'2', u'THE HERITAGE AT TRUMP PLACE CONDOMINIUM', u'BOARD OF MANAGERS', u'240 RIVERSIDE BOULEVARD', u'US', u'NEW YORK', u'NY', u'10069', u'04/30/2016 12:00:00 AM'])
(u'291633', [u'2016061700772001', u'P', u'2', u'BOARD OF MANAGERS OF TRUMP INTERNATIONAL HOTEL & T', u'ONE CENTRAL PARK WEST', u'', u'US', u'NEW YORK', u'NY', u'10023', u'07/31/2016 12:00:00 AM'])
(u'950008', [u'2016112901129002', u'P', u'2', u'BOARD OF MANAGERS OF THE HERITAGE AT TRUMP PLACE', u'240 RIVERSIDE BOULEVARD', u'', u'US', u'NEW YORK', u'NY', u'10069', u'12/31/2016 12:00:00 AM'])
(u'1051792', [u'2017011800654002', u'P', u'2', u'TRUMP PARC CONDO BD OF MANAGERS', u'106 CENTRAL PARK SOUTH', u'', u'US', u'NEW YORK', u'NY', u'10019', u'01/31/2017 12:00:00 AM'])
(u'560289', [u'2016032201081005', u'P', u'2', u'THE CONDOMINIUM BOARD OF', u'200 RIVERSIDE BOULEVARD AT TRUMP PLACE', u'200 RIVERSIDE BLVD', u'US', u'NEW YORK', u'NY', u'10069', u'03/31/2016 12:00:00 AM'])
(u'890632', [u'2016120500585002', u'P', u'2', u'BOARD OF MANAGERS TRUMP PALACE CONDOMINIUM', u'200 EAST 69TH STREET', u'', u'US', u'NEW YORK', u'NY', u'10021', u'12/31/2016 12:00:00 AM'])
(u'235770', [u'2016071300114004', u'P', u'1', u'TIHT COMMERCIAL LLC', u'C/O THE TRUMP ORGANIZATION', u'725 FIFTH AVENUE', u'US', u'NEW YORK', u'NY', u'10022', u'07/31/2016 12:00:00 AM'])
(u'1128201', [u'2017022500106003', u'P', u'2', u'THE TRUMP WORLD TOWER CONDOMINIUM BOARD', u'845 UNITED NATIONS PLAZA', u'', u'US', u'NEW YORK', u'NY', u'10017', u'02/28/2017 12:00:00 AM'])
(u'674151', [u'2016060300650005', u'P', u'1', u'STRUMP NANETTE', u'630 HARRISON AVENUE', u'', u'US', u'EAST MEADOW', u'NY', u'11554', u'06/30/2016 12:00:00 AM'])
(u'1225667', [u'2017032300563003', u'P', u'2', u'THE CONDOMINIUM BOARD OF TRUMP PALACE CONDOMINIUM', u'200 EAST 69TH STREET', u'UNIT 5E', u'US', u'NEW YORK', u'NY', u'10021', u'03/31/2017 12:00:00 AM'])
(u'1034933', [u'2017012701324001', u'P', u'1', u'TRUMP  DONALD J', u'725 FIFTH AVENUE', u'', u'US', u'NEW YORK', u'NY', u'10022', u'01/31/2017 12:00:00 AM'])
(u'127085', [u'2016050400540001', u'P', u'2', u'RESIDENTIAL BOARD OF MANAGERS OF TRUMP TOWER CONDO', u'725 FIFTH AVENUE', u'', u'US', u'NEW YORK', u'NY', u'10022', u'05/31/2016 12:00:00 AM'])
(u'694161', [u'2016092700202001', u'P', u'2', u'BOARD OF MANAGERS OF TRUMP PARC CONDOMINIUM', u'106 CENTRAL PARK SOUTH', u'', u'US', u'NEW YORK', u'NY', u'10019', u'09/30/2016 12:00:00 AM'])
(u'249312', [u'2016091201311002', u'P', u'2', u'BOARD OF TRUMP INTERNATIONAL HOTEL AND', u'TOWER CONDOMINIUM', u'1 CENTRAL PARK WEST', u'US', u'NEW YORK', u'NY', u'10023', u'09/30/2016 12:00:00 AM'])
(u'531093', [u'2016101200938004', u'P', u'1', u'TRUMP MAXINE', u'145 JACKSON STREET #1B', u'', u'US', u'BROOKLYN', u'NY', u'11211', u'10/31/2016 12:00:00 AM'])
(u'992052', [u'2016121400161002', u'P', u'1', u'TRUMP PRESIDENTIAL INC', u'', u'', u'', u'', u'', u'', u'01/31/2017 12:00:00 AM'])
(u'866337', [u'2016010401239001', u'P', u'1', u'TRUMP IVANKA', u'725 FIFTH AVENUE', u'', u'US', u'NEW YORK', u'NY', u'10022', u'01/31/2016 12:00:00 AM'])
(u'744600', [u'2016052301475002', u'P', u'2', u'220 RIVERSIDE BOULEVARD AT TRUMP PLACE', u'220 RIVERSIDE BOULEVARD', u'', u'US', u'NEW YORK', u'NY', u'10069', u'07/31/2016 12:00:00 AM'])
(u'885802', [u'2016072600777002', u'P', u'2', u'220 RIVERSIDE BOULEVARD AT TRUMP PLACE', u'220 RIVERSIDE BOULEVARD', u'', u'US', u'NEW YORK', u'NY', u'10069', u'08/31/2016 12:00:00 AM'])
(u'445330', [u'2016070801028002', u'P', u'2', u'BOARD OF MANAGERS TRUMP PARC CONDOMINIUM', u'106 CENTRAL PARK SOUTH', u'', u'US', u'NY', u'NY', u'10019', u'07/31/2016 12:00:00 AM'])
(u'1052738', [u'2017011700432002', u'P', u'2', u'BOARD OF MANAGERS OF TRUMP PARC CONDOMINIUM', u'106 CENTRAL PARK SOUTH', u'', u'US', u'NEW YORK', u'NY', u'10019', u'01/31/2017 12:00:00 AM'])
(u'926615', [u'2016080100779002', u'P', u'2', u'CONDOMINIUM BOARD OF TRUMP PARC CONDOMINIUM', u'106 CENTRAL PARK SOUTH', u'', u'US', u'NEW YORK', u'NY', u'10019', u'08/31/2016 12:00:00 AM'])
(u'259795', [u'2016061302813001', u'P', u'2', u'BOARD OF MANAGERS OF TRUMP WORLD TOWER CONDOMINIUM', u'845 UNITED NATIONS PLAZA', u'', u'US', u'NEW YORK', u'NY', u'10017', u'07/31/2016 12:00:00 AM'])
(u'184581', [u'2016112500494005', u'P', u'2', u'BOARD OF MANAGERS OF THE 220 RIVERSIDE BOULEVARD', u'AT TRUMP PLACE CONDOMINIUM', u'220 RIVERSIDE BLVD', u'US', u'NEW YORK', u'NY', u'10069', u'11/30/2016 12:00:00 AM'])
(u'965692', [u'2016062102102001', u'P', u'2', u'THE CONDOMINIUM BOARD OF TRUMP PALACE CONDOMINIUM', u'725 FIFTH AVENUE', u'26 FLOOR', u'US', u'NEW YORK', u'NY', u'10022', u'07/31/2016 12:00:00 AM'])
(u'587645', [u'2016050301281004', u'P', u'2', u'THE TRUMP WORLD TOWER CONDOMINIUM', u'845 UNITED NATIONS PLAZA', u'', u'US', u'NEW YORK', u'NY', u'10017', u'05/31/2016 12:00:00 AM'])
(u'739910', [u'2016012200474001', u'P', u'2', u'RESIDENTIAL BOARD OF MANAGERS OF THE TRUMP TOWER C', u'725 FIFTH AVENUE', u'', u'US', u'NEW YORK', u'NY', u'10022', u'01/31/2016 12:00:00 AM'])
(u'294321', [u'2016010700842003', u'P', u'2', u'THE TRUMP WORLD TOWER CONDOMINIUM', u'845 UNITED NATIONS PLAZA', u'', u'US', u'NEW YORK', u'NY', u'10017', u'01/31/2016 12:00:00 AM'])
(u'519213', [u'2016012701351002', u'P', u'2', u'TRUMP TOWER HOTEL AND TOWER CONDOMINIUM', u'1 CENTRAL PARK WEST', u'', u'US', u'NEW YORK', u'NY', u'10023', u'02/29/2016 12:00:00 AM'])
(u'1237021', [u'2017031000567004', u'P', u'2', u'BOARD OF MANAGERS TRUMP PALACE CONDOMINIUM', u'200 EAST 69TH STREET', u'', u'US', u'NEW YORK', u'NY', u'10021', u'03/31/2017 12:00:00 AM'])
(u'63533', [u'2016011500466004', u'P', u'2', u'220 RIVERSIDE BOULEVARD AT TRUMP PLAZA', u'220 RIVERSIDE BOULEVARD', u'', u'US', u'NEW YORK', u'NY', u'10069', u'01/31/2016 12:00:00 AM'])
(u'1035944', [u'2017012701282001', u'P', u'2', u'THE DONALD J. TRUMP REVOCABLE TRUST', u'725 FIFTH AVENUE', u'', u'US', u'NEW YORK', u'NY', u'10022', u'01/31/2017 12:00:00 AM'])
(u'296883', [u'2016061302777001', u'P', u'2', u'BOARD OF MANAGERS OF TRUMP WORLD TOWER CONDOMINIUM', u'845 UNITED NATIONS PLAZA', u'', u'US', u'NEW YORK', u'NY', u'10017', u'07/31/2016 12:00:00 AM'])
(u'1040590', [u'2017012700806006', u'P', u'2', u'BD OF MGRS OF THE TRUMP WORLD TOWER CONDOMINIUM', u'845 UNITED NATIONS PLAZA', u'', u'US', u'NEW YORK', u'NY', u'10017', u'01/31/2017 12:00:00 AM'])
(u'82661', [u'2016040100918004', u'P', u'2', u'BOARD OF MANAGERS OF THE TRUMP PLACE CONDOMINIUM', u'220 RIVERSIDE BOULEVARD', u'', u'US', u'NEW YORK', u'NY', u'10069', u'04/30/2016 12:00:00 AM'])
(u'627117', [u'2016102000541002', u'P', u'2', u'BOARD OF MANAGERS', u'TRUMP PLACE CONDOMINIUM', u'220 RIVERSIDE BOULEVARD', u'US', u'NEW YORK', u'NY', u'10069', u'10/31/2016 12:00:00 AM'])
(u'123132', [u'2016020200784004', u'P', u'2', u'THE TRUMP WORLD TOWER CONDOMINIUM BOARD OF MANAGER', u'845 UNITED NATIONS PLAZA', u'', u'US', u'NEW YORK', u'NY', u'10017', u'02/29/2016 12:00:00 AM'])
(u'531858', [u'2016090600235001', u'P', u'2', u'BOARD OF MANAGERS OF THE 120 RIVERSIDE BOULEVARD', u'AT TRUMP PLACE', u'120 RIVERSIDE BOULEVARD', u'US', u'NEW YORK', u'NY', u'10069', u'09/30/2016 12:00:00 AM'])
(u'787516', [u'2016012800624002', u'P', u'2', u'BOARD OF MANAGERS', u'THE TRUMP CORPORATION', u'725 FIFTH AVENUE', u'US', u'NEW YORK', u'NY', u'10022', u'02/29/2016 12:00:00 AM'])
(u'918141', [u'2016110100362004', u'P', u'2', u'TRUMP SOHO HOTEL CONOMINIUM', u'CONDOMINIUM BOARD OF MANAGERS', u'246 SPRING STREET', u'US', u'NEW YORK', u'NY', u'10013', u'11/30/2016 12:00:00 AM'])
(u'253471', [u'2016082600543001', u'P', u'2', u'BOARD OF MANAGERS OF THE HERITAGE AT TRUMP PLACE C', u'240 RIVERSIDE BOULEVARD', u'', u'US', u'NEW YORK', u'NY', u'10023', u'08/31/2016 12:00:00 AM'])
(u'618203', [u'2016101700667003', u'P', u'2', u'BOARD OF MANAGERS OF TRUMP PARC CONDOMINIUM', u'106 CENTRAL PARK SOUTH', u'', u'US', u'NEW YORK', u'NY', u'10019', u'10/31/2016 12:00:00 AM'])
(u'1232276', [u'2017032000427004', u'P', u'2', u'220 RIVERSIDE BOULEVARD AT TRUMP PLACE - BD OF MGR', u'220 RIVERSIDE BOULEVARD', u'', u'US', u'NEW YORK', u'NY', u'10069', u'03/31/2017 12:00:00 AM'])
(u'191726', [u'2016032300228002', u'P', u'2', u'BOARD OF MANAGERS OF 120 RIVERSIDE BOULEVARD', u'AT TRUMP PLACE', u'120 RIVERSIDE BOULEVARD', u'US', u'NEW YORK', u'NY', u'10023', u'04/30/2016 12:00:00 AM'])
(u'259541', [u'2016120600082002', u'P', u'2', u'THE CONDOMINIUM BOARD OF', u'200 RIVERSIDE BOULEVARD AT TRUMP PLACE', u'', u'US', u'NEW YORK', u'NY', u'10069', u'12/31/2016 12:00:00 AM'])
(u'389020', [u'2016041801323005', u'P', u'2', u'220 RIVERSIDE BOULEVARD AT TRUMP PLACE', u'220 RIVERSIDE BOULEVARD', u'', u'US', u'NEW YORK', u'NY', u'10069', u'04/30/2016 12:00:00 AM'])
(u'1034948', [u'2017013000159001', u'P', u'2', u'THE DONALD J. TRUMP REVOCABLE TRUST', u'725 FIFTH AVENUE', u'', u'US', u'NEW YORK', u'NY', u'10022', u'01/31/2017 12:00:00 AM'])
(u'1074393', [u'2017010600978001', u'P', u'2', u'BOARD OF MANAGERS OF TRUMP WORLD TOWER CONDOMINIUM', u'845 UNITED NATIONS PLAZA', u'UNIT 58B', u'US', u'NEW YORK', u'NY', u'10017', u'01/31/2017 12:00:00 AM'])
(u'350442', [u'2016042800814001', u'P', u'1', u'TRUMP CPS LLC', u'725 FIFTH AVENUE', u'26TH FLOOR', u'US', u'NEW YORK', u'NY', u'10022', u'05/31/2016 12:00:00 AM'])
(u'400785', [u'2016081601456002', u'P', u'2', u'BOARD OF TRUMP PALACE CONDOMINIUM', u'200 EAST 69TH SREET', u'', u'US', u'NEW YORK', u'NY', u'10021', u'08/31/2016 12:00:00 AM'])
(u'1058856', [u'2016122801115003', u'P', u'2', u'TRUMP INTERNATIONAL HOTEL AND TOWER CONDOMINIUM', u'BOARF OF MANAGERS', u'ONE CENTRAL PARK WEST', u'US', u'NEW YORK', u'NY', u'10022', u'01/31/2017 12:00:00 AM'])
(u'660619', [u'2016061501004003', u'P', u'2', u'THE CONDOMINIUM BOARD OF TRUMP PALACE CONDOMINIUM', u'200 EAST 69TH STREET', u'', u'US', u'NEW YORK', u'NY', u'10021', u'07/31/2016 12:00:00 AM'])
(u'521219', [u'2016092000313002', u'P', u'2', u'CONDOMINIUM BOARD OF THE HERITAGE AT TRUMP PLACE', u'240 RIVERSIDE BOULEVARD', u'', u'US', u'NEW YORK', u'NY', u'10069', u'09/30/2016 12:00:00 AM'])
(u'322788', [u'2016101101662002', u'P', u'2', u'THE CONDOMINIUM BOARD OF TRUMP PALACE CONDOMINIUM', u'200 EAST 69TH STREET', u'', u'US', u'NEW YORK', u'NY', u'10021', u'10/31/2016 12:00:00 AM'])
(u'721794', [u'2016031800726001', u'P', u'1', u'TRUMP PRESIDENTIAL INC.', u'55 WALL STREET', u'UNIT 506', u'US', u'NEW YORK', u'NY', u'10005', u'03/31/2016 12:00:00 AM'])
(u'267728', [u'2016032200830003', u'P', u'2', u'THE HERITAGE AT TRUMP PLACE CONDOMINIUM', u'240 RIVERSIDE BOULEVARD', u'', u'US', u'NEW YORK', u'NY', u'10069', u'03/31/2016 12:00:00 AM'])
(u'1234506', [u'2017030701442004', u'P', u'2', u'TRUMP PARC CONDOMINIUM', u'106 CENTRAL PARK SOUTH', u'', u'US', u'NEW YORK', u'NY', u'10019', u'03/31/2017 12:00:00 AM'])
(u'652489', [u'2016042800883001', u'P', u'1', u'TRUMP CPS LLC', u'725 FIFTH AVENUE', u'26TH FLOOR', u'US', u'NEW YORK', u'NY', u'10022', u'05/31/2016 12:00:00 AM'])
(u'795564', [u'2016060301127002', u'P', u'2', u'BOARD OF MANAGERS OF THE TRUMP WORLD TOWER CONDOMI', u'845 UNITED NATIONS PLAZA', u'', u'US', u'NEW YORK', u'NY', u'10017', u'07/31/2016 12:00:00 AM'])
(u'821072', [u'2016040100449002', u'P', u'1', u'220 RIVERSIDE BOULEVARD AT TRUMP PLACE CONDOMINIUM', u'220 RIVERSIDE BOULEVARD', u'', u'US', u'NEW YORK', u'NY', u'10069', u'04/30/2016 12:00:00 AM'])
(u'497118', [u'2016071300114003', u'P', u'1', u'TIHT COMMERCIAL LLC', u'C/O THE TRUMP ORGANIZATION', u'725 FIFTH AVENUE', u'US', u'NEW YORK', u'NY', u'10022', u'07/31/2016 12:00:00 AM'])
(u'42737', [u'2016031700635001', u'P', u'2', u'TRUMP PRESIDENTIAL INC', u'126 LUDWIG LANE', u'', u'US', u'STATEN ISLAND', u'NY', u'10303', u'05/31/2016 12:00:00 AM'])
(u'1034434', [u'2017013000262001', u'P', u'1', u'TRUMP DONALD  J', u'725 FIFTH AVENUE', u'', u'US', u'NEW YORK', u'NY', u'10022', u'01/31/2017 12:00:00 AM'])
(u'1000330', [u'2016122900904002', u'P', u'2', u'THE CONDOMINIUM BOARD OF', u'TRUMP PALACE CONDOMINIUM', u'200 EAST 69TH SREET', u'US', u'NEW YORK', u'NY', u'10021', u'01/31/2017 12:00:00 AM'])
(u'761985', [u'2016052500936002', u'P', u'2', u'TRUMP DONALD J', u'200 EAST 69TH STREET', u'', u'US', u'NEW YORK', u'NY', u'10021', u'07/31/2016 12:00:00 AM'])
(u'222150', [u'2016091500450002', u'P', u'1', u'CONDO BOARD OF 200 RIVERSIDE BLVD AT TRUMP PLACE', u'200 RIVERSIDE BOULEVARD', u'', u'US', u'NEW YORK', u'NY', u'10069', u'09/30/2016 12:00:00 AM'])
(u'863906', [u'2016080401325002', u'P', u'2', u'BOARD OF TRUMP PARK AVENUE CONDOMINIUM', u'502 PARK AVENUE', u'', u'US', u'NEW YORK', u'NY', u'10022', u'08/31/2016 12:00:00 AM'])
(u'736002', [u'2016072700793004', u'P', u'2', u'THE CONDOMINIUM BOARD OF', u'TRUMP INTERNATIONAL HOTEL AND TOWER CONDOMINIUM', u'ONE CENTRAL PARK WEST  UNIT NO 918', u'US', u'NEW YORK', u'NY', u'10023', u'08/31/2016 12:00:00 AM'])
(u'359427', [u'2016061501532003', u'P', u'1', u'CHILL DAN S', u'25 TRUMPELDOR ST', u'', u'IL', u'KIRYAT ONO', u'', u'', u'07/31/2016 12:00:00 AM'])
(u'441231', [u'2016062901321003', u'P', u'2', u'THE HERITAGE AT TRUMP PLACE CONDOMINIUM', u'240 RIVERSIDE BOULEVARD', u'', u'US', u'NEW YORK', u'NY', u'10069', u'07/31/2016 12:00:00 AM'])
(u'328604', [u'2016012601191001', u'P', u'2', u'RESIDENTIAL BOARD OF MANAGERS OF TRUMP TOWER CONDO', u'725 FIFTH AVENUE', u'', u'US', u'NEW YORK', u'NY', u'10022', u'02/29/2016 12:00:00 AM'])
(u'747287', [u'2016102400850001', u'P', u'2', u'120 RIVERSIDE BOULEVARD AT TRUMP PLACE', u'120 RIVERSIDE BOULEVARD', u'', u'US', u'NEW YORK', u'NY', u'10069', u'10/31/2016 12:00:00 AM'])
(u'464935', [u'2016112900522004', u'P', u'2', u'120 RIVERSIDE BOULEVARD AT TRUMP PLACE', u'120 RIVERSIDE BOULEVARD', u'', u'US', u'NEW YORK', u'NY', u'10069', u'11/30/2016 12:00:00 AM'])
(u'404739', [u'2016040800963001', u'P', u'2', u'BOARD OF MANAGERS OF 120 RIVERSIDE BOULEVARD', u'AT TRUMP PLACE   C/O AKAM ASSOCIATES INC', u'260 MADISON AVENUE  12FLOOR', u'US', u'NEW YORK', u'NY', u'10016', u'04/30/2016 12:00:00 AM'])
(u'55916', [u'2016111701251004', u'P', u'2', u'TRUMP PALACE CONDOMINIUM', u'200 EAST 69TH STREET', u'', u'US', u'NEW YORK', u'NY', u'10021', u'11/30/2016 12:00:00 AM'])
(u'1034947', [u'2017013000159001', u'P', u'1', u'TRUMP DONALD J', u'725 FIFTH AVENUE', u'', u'US', u'NEW YORK', u'NY', u'10022', u'01/31/2017 12:00:00 AM'])
(u'637180', [u'2016101000537003', u'P', u'2', u'BOARD OF MANAGERS OF HERITAGE AT TRUMP PLACE CONDO', u'240 RIVERSIDE BOULEVARD', u'', u'US', u'NEW YORK', u'NY', u'10069', u'10/31/2016 12:00:00 AM'])
(u'741120', [u'2016040501244001', u'P', u'1', u'TRUMP TOWER CONDOMINIUM', u'721 FIFTH AVENUE', u'', u'US', u'NEW YORK', u'NY', u'10022', u'04/30/2016 12:00:00 AM'])
(u'914843', [u'2016110600060001', u'P', u'1', u'TRUMP PRESIDENTIAL INC.', u'109-58 143RD STREET', u'', u'US', u'JAMAICA', u'NY', u'11435', u'11/30/2016 12:00:00 AM'])
(u'1004661', [u'2017010400305002', u'P', u'2', u'BOARD OF MANAGERS TRUMP PALACE CONDOMINIUM', u'200 EAST 69TH STREET', u'', u'US', u'NEW YORK', u'NY', u'10021', u'01/31/2017 12:00:00 AM'])
(u'1039393', [u'2017012500524003', u'P', u'1', u'STRUMPH CAROLINE', u'404 EIGHT AVENUE', u'UNIT 3A', u'US', u'BROOKLYN', u'NY', u'11215', u'01/31/2017 12:00:00 AM'])
(u'665174', [u'2016011401138002', u'P', u'1', u'200 RIVERSIDE BOULEVARD AT TRUMP PLACE CONDOMINIUM', u'200 RIVERSIDE BOULEVARD', u'', u'US', u'NEW YORK', u'NY', u'10069', u'01/31/2016 12:00:00 AM'])
(u'650123', [u'2016011500792005', u'P', u'1', u'NEW YORK EXPERTISE DEVELOPMENT LTD. C/O', u'JAJAN AND ASSOCIATES PLLC TRUMP BUILDING', u'40 WALL STREET 25TH FLOOR SUITE 2506', u'US', u'NEW YORK', u'NY', u'10005', u'02/29/2016 12:00:00 AM'])
(u'1135336', [u'2017020700261002', u'P', u'2', u'TRUMP SOHO HOTEL CONDOMINIUM NEW YORK', u'246 SPRING STREET', u'', u'US', u'NEW YORK', u'NY', u'10013', u'02/28/2017 12:00:00 AM'])
(u'567575', [u'2016111400602002', u'P', u'2', u'THE CONDOMINIUM BOARD OF TRUMP INTERNATIOAL HOTEL', u'& TOWER CONDOMINIUM', u'ONE CENTRAL PARK WEST', u'US', u'NEW YORK', u'NY', u'10023', u'11/30/2016 12:00:00 AM'])
(u'812729', [u'2016101200938001', u'P', u'1', u'TRUMP MAXINE', u'145 JACKSON STREET UNIT 1B', u'', u'US', u'BROOKLYN', u'NY', u'11211', u'10/31/2016 12:00:00 AM'])
(u'34979', [u'2016020200956001', u'P', u'2', u'BOARD OF MANAGERS-200 RIVERSIDE BOULEVARD AT TRUMP', u'PLACE', u'725 FIFTH AVENUE 16TH FLOOR', u'US', u'NEW YORK', u'NY', u'10022', u'02/29/2016 12:00:00 AM'])
(u'634651', [u'2016082600115001', u'P', u'2', u'BOARD OF MANAGERS OF THE HERITAGE AT TRUMP PLACE C', u'240 RIVERSIDE BOULEVARD', u'', u'US', u'NEW YORK', u'NY', u'10023', u'08/31/2016 12:00:00 AM'])
(u'1034435', [u'2017013000262001', u'P', u'2', u'THE DONALD J. TRUMP REVOCABLE TRUST', u'725 FIFTH AVENUE', u'', u'US', u'NEW YORK', u'NY', u'10022', u'01/31/2017 12:00:00 AM'])
(u'442627', [u'2016031000590004', u'P', u'2', u'22O RIVERSIDE BOULEVARD AT TRUMP PLACE', u'THE CONDOMINIUM BOARD', u'220 RIVERSIDE BLVD', u'US', u'NEW YORK', u'NY', u'10069', u'03/31/2016 12:00:00 AM'])
(u'621637', [u'2016050901280004', u'P', u'2', u'THE CONDO BOARD OF 200 RIVERSIDE BLVD AT TRUMP PL', u'200 RIVERSIDE BOULEVARD', u'', u'US', u'NEW YORK', u'NY', u'10069', u'05/31/2016 12:00:00 AM'])
(u'1227812', [u'2017030101257003', u'P', u'1', u'TRUMP PRESIDENTIAL INC.', u'55 WALL STREET', u'UNIT 506', u'US', u'NEW YORK', u'NY', u'10005', u'03/31/2017 12:00:00 AM'])
(u'1050717', [u'2016122901232005', u'P', u'2', u'CONDOMINIUM BOARD OF THE HERITAGE AT TRUMP PLACE', u'240 RIVERSIDE BOULEVARD', u'', u'US', u'NEW YORK', u'NY', u'10069', u'01/31/2017 12:00:00 AM'])
(u'76156', [u'2016110100618002', u'P', u'2', u'CONDO BOARD 200 RIVERSIDE BOULEVARD AT TRUMP PLACE', u'200 RIVERSIDE BOULEVARD', u'', u'US', u'NEW YORK', u'NY', u'10069', u'11/30/2016 12:00:00 AM'])
(u'482242', [u'2016033000093002', u'P', u'2', u'BOARD OF MANAGERS / TRUMP PALACE CONDOMINIUM', u'C/O THE TRUMP CORPORATION', u'725 FIFTH AVENUE 26TH FLOOR', u'US', u'NEW YORK', u'NY', u'10022', u'04/30/2016 12:00:00 AM'])
(u'1031756', [u'2017010400315001', u'P', u'1', u'TRUMP VILLAGE SECTION 3 INC.', u'2915 WEST 5TH STREET', u'', u'US', u'BROOKLYN', u'NY', u'11224', u'01/31/2017 12:00:00 AM'])
(u'702597', [u'2016092700865001', u'P', u'2', u'BOARD OF MANAGERS OF 120 RIVERSIDE BOULEVARD AT', u'TRUMP PLAZA C/O AKAM ASSOCIATES INC.', u'260 MADISON AVENUE  12TH FLOOR', u'US', u'NEW YORK', u'NY', u'10016', u'09/30/2016 12:00:00 AM'])
(u'296221', [u'2016070600605002', u'P', u'2', u'BOARD OF THE TRUMP PARC CONDOMINIUM', u'106 SOUTH CENTRAL PARK SOUTH', u'', u'US', u'NEW YORK', u'NY', u'10019', u'07/31/2016 12:00:00 AM'])
(u'408262', [u'2016081100616003', u'P', u'2', u'THE BOARD OF MANAGERS OF', u'THE TRUMP TOWER CONDOMINIUM', u'721-725 FIFTH AVENUE', u'US', u'NEW YORK', u'NY', u'10022', u'10/31/2016 12:00:00 AM'])
(u'905293', [u'2016051600273001', u'P', u'2', u'THE CONDOMINIUM BOARD OF TRUMP PARK AVENUE', u'CONDOMINIUM', u'502 PARK AVENUE', u'US', u'NEW YORK', u'NY', u'10022', u'05/31/2016 12:00:00 AM'])
(u'1078584', [u'2017010500400002', u'P', u'2', u'TRUMP PALACE CONDOMINIUM', u'200 EAST 69TH STREET', u'', u'US', u'NEW YORK', u'NY', u'10021', u'01/31/2017 12:00:00 AM'])
(u'648594', [u'2016052400227003', u'P', u'2', u'200 RIVERSIDE BOULEVARD AT TRUMP PLACE', u'C/O BOARD OF MANAGERS', u'200 RIVERSIDE BLVD', u'US', u'NEW YORK', u'NY', u'10069', u'06/30/2016 12:00:00 AM'])
(u'500384', [u'2016042800814002', u'P', u'2', u'TRUMP PARC EAST CONDOMINIUM BOARD OF MANAGERS', u'100 CENTRAL PARK SOUTH', u'', u'US', u'NEW YORK', u'NY', u'10019', u'05/31/2016 12:00:00 AM'])
(u'168438', [u'2016061302749001', u'P', u'2', u'BOARD OF MANAGERS OF TRUMP WORLD TOWER CONDOMINIUM', u'845 UNITED NATIONS PLAZA', u'', u'US', u'NEW YORK', u'NY', u'10017', u'07/31/2016 12:00:00 AM'])
(u'900593', [u'2016092900808002', u'P', u'2', u'220 RIVERSIDE BOULEVARD AT TRUMP PLACE CONDOMINIUM', u'220 RIVERSIDE BOULEVARD', u'', u'US', u'NEW YORK', u'NY', u'10069', u'10/31/2016 12:00:00 AM'])
(u'65013', [u'2016091200254001', u'P', u'1', u'STRUMPH CAROLE', u'', u'', u'', u'', u'', u'', u'09/30/2016 12:00:00 AM'])
(u'656586', [u'2016033000623002', u'P', u'2', u'THE CONDOMINIUM  BOARD OF THE TRUMP INTERNATIONAL', u'HOTEL AND TOWER CONDO', u'ONE CENTRAL PARK WEST', u'US', u'NEW YORK', u'NY', u'10023', u'03/31/2016 12:00:00 AM'])
(u'845287', [u'2016022601220004', u'P', u'2', u'120 RIVERSIDE BOULEVARD AT TRUMP PLACE BOARD', u'120 RIVERSIDE BOULEVARD', u'', u'US', u'NEW YORK', u'NY', u'10069', u'03/31/2016 12:00:00 AM'])
(u'567806', [u'2016033100302002', u'P', u'2', u'TRUMP WORLD TOWER CONDO BD OF MGRS', u'845 UNITED NATIONS PLAZA', u'', u'US', u'NY', u'NY', u'10017', u'04/30/2016 12:00:00 AM'])
(u'999692', [u'2017010401354003', u'P', u'2', u'THE TRUMP WORLD TOWER CONDOMINIUM', u'845 UNITED NATIONS PLAZA', u'', u'US', u'NEW YORK', u'NY', u'10017', u'01/31/2017 12:00:00 AM'])
(u'65936', [u'2016060101225003', u'P', u'2', u'TRUMP INTERNATIONAL HOTEL TOWER CONDOMINIUM', u'ONE CENTRAL PARK WEST', u'', u'US', u'NEW YORK', u'NY', u'10023', u'06/30/2016 12:00:00 AM'])
(u'1035943', [u'2017012701282001', u'P', u'1', u'TRUMP  DONALD  J', u'725 FIFTH AVENUE', u'', u'US', u'NEW YORK', u'NY', u'10022', u'01/31/2017 12:00:00 AM'])
(u'570417', [u'2016052500260001', u'P', u'2', u'CONDO BD TRUMP INTERNATIONAL HOTEL & TOWER CONDO', u'ONE CENTERAL PARK WEST', u'', u'US', u'NEW YORK', u'NY', u'10023', u'06/30/2016 12:00:00 AM'])
(u'602570', [u'2016100500192001', u'P', u'1', u'STEEL LUX TRUMP2804 INC.', u'590 MADISON AVENUE SUITE 2100', u'C/O BOSCHINI INTERNATIONAL LAW OFFICES PLLC', u'US', u'NEW YORK', u'NY', u'10022', u'10/31/2016 12:00:00 AM'])
(u'212540', [u'2016091500789001', u'P', u'2', u'GLAZER LORI', u'203 TRUMP PARK', u'', u'US', u'SHRUB OAK', u'NY', u'10588', u'11/30/2016 12:00:00 AM'])
(u'27084', [u'2016040501244002', u'P', u'1', u'TRUMP TOWER CONDOMINIUM', u'721 FIFTH AVENUE', u'', u'US', u'NEW YORK', u'NY', u'10022', u'04/30/2016 12:00:00 AM'])
(u'1229265', [u'2017020701218003', u'P', u'2', u'THE TRUMP WOLD TOWER CONDOMINIUM', u'845 UNITED NATIONS PLAZA', u'', u'US', u'NEW YORK', u'NY', u'10017', u'03/31/2017 12:00:00 AM'])
(u'746012', [u'2016062200390003', u'P', u'2', u'THE BOARD OF MANAGERS OF', u'TRUMP PARC CONDOMINIUM', u'106 CENTRAL PARK SOUTH', u'US', u'NEW YORK', u'NY', u'10019', u'08/31/2016 12:00:00 AM'])
(u'220515', [u'2016082901087001', u'P', u'1', u'SETH STRUMPH AS ADMINISTRATOR', u'632 12TH STREET UNIT 1', u'', u'US', u'BROOKLYN', u'NY', u'11215', u'09/30/2016 12:00:00 AM'])
(u'1038541', [u'2017012600851001', u'P', u'1', u'TRUMP DONALD J', u'725 FIFTH AVENUE', u'', u'US', u'NEW YORK', u'NY', u'10022', u'01/31/2017 12:00:00 AM'])
(u'559877', [u'2016070600826002', u'P', u'2', u'BOARD OF MANAGERS OF THE CONDOMINIUM', u'THE TRUMP CORPORATION', u'725 FIFTH AVENUE - 16TH FLOOR', u'US', u'NEW YORK', u'NY', u'10022', u'07/31/2016 12:00:00 AM'])
(u'1208784', [u'2017032300610001', u'P', u'2', u'BOARD OF MANAGERS OF THE HERITAGE AT TRUMP PLACE C', u'240 RIVERSIDE BOULEVARD', u'', u'US', u'NEW YORK', u'NY', u'10069', u'03/31/2017 12:00:00 AM'])
(u'259768', [u'2016052301318002', u'P', u'2', u'THE HERITAGE AT TRUMP PLACE CONDOMINIUM', u'240 RIVERSIDE BOULEVARD', u'', u'US', u'NEW YORK', u'NY', u'10023', u'06/30/2016 12:00:00 AM'])
(u'478233', [u'2016091201074001', u'P', u'1', u'TRUMP DENISE', u'3601 BOLLER AVENUE', u'', u'US', u'BRONX', u'NY', u'10466', u'09/30/2016 12:00:00 AM'])
(u'1018235', [u'2017012600674001', u'P', u'1', u'TRUMP DONALD J', u'725 FIFTH AVENUE', u'', u'US', u'NEW YORK', u'NY', u'10022', u'01/31/2017 12:00:00 AM'])
(u'278945', [u'2016100500192002', u'P', u'2', u'BOARD OF MANAGERS OF TRUMP SOHO HOTEL CONDOMINIUM', u'246 SPRING STREET', u'', u'US', u'NEW YORK', u'NY', u'10013', u'10/31/2016 12:00:00 AM'])
(u'1064742', [u'2016120900790001', u'P', u'1', u'TRUMP CPS LLC', u'C/O THE TRUMP ORGANIZATION', u'725 FIFTH AVENUE 26TH FLOOR', u'US', u'NEW YORK', u'NY', u'10022', u'01/31/2017 12:00:00 AM'])
(u'1226212', [u'2017032300940003', u'P', u'2', u'BOARD OF MANAGERS OF 200 RIVERSIDE BLVD AT', u'TRUMP PLACE', u'200 RIVERSIDE BLVD', u'US', u'NEW YORK', u'NY', u'10069', u'03/31/2017 12:00:00 AM'])
(u'958449', [u'2016082200618001', u'P', u'2', u'BOARD OF MANAGERS OF THE 120 RIVERSIDE BOULEVARD', u'AT TRUMP PLACE 120 RIVERSIDE BOULEVARD', u'', u'US', u'NEW YORK', u'NY', u'10069', u'08/31/2016 12:00:00 AM'])
(u'1134218', [u'2017021300754003', u'P', u'2', u'220 RIVERSIDE BOULEVARD AT TRUMP PLACE', u'220 RIVERSIDE BOULEVARD', u'', u'US', u'NEW YORK', u'NY', u'10069', u'02/28/2017 12:00:00 AM'])
(u'561058', [u'2016010600447002', u'P', u'2', u'THE CONDOMINIUM BOARD OF TRUMP PALACE CONDOMINIUM', u'725 FIFTH AVENUE 26TH FLOOR', u'', u'US', u'NEW YORK', u'NY', u'10022', u'01/31/2016 12:00:00 AM'])
(u'387991', [u'2016022400886002', u'P', u'2', u'BOARD OF MANAGERS AT TRUMP TOWER CONDOMINIUM', u'721 FIFTH AVENUE', u'', u'US', u'NEW YORK', u'NY', u'10022', u'03/31/2016 12:00:00 AM'])
(u'283866', [u'2016081201136001', u'P', u'1', u'TRUMP VILLAGE SECTION 4 INC.', u'2928 WEST 5TH STREET', u'', u'US', u'BROOKLYN', u'NY', u'11224', u'08/31/2016 12:00:00 AM'])
(u'839371', [u'2016100600561002', u'P', u'2', u'BOARD OF MANAGERS OF THE TRUMP PALACE CONDOMINIUM', u'200 EAST 69TH STREET', u'', u'US', u'NEW YORK', u'NY', u'10021', u'11/30/2016 12:00:00 AM'])
(u'976548', [u'2016020501069002', u'P', u'2', u'THE BOARD MANAGERS OF', u'THE TRUMP PARK AVENUE CONDOMINIUM', u'502 PARK AVENUE', u'US', u'NEW  YORK', u'NY', u'10022', u'02/29/2016 12:00:00 AM'])
(u'1235065', [u'2017030500015003', u'P', u'2', u'BOARD OF MANAGERS 120 RIVERSIDE BLVD TRUMP PLACE', u'120 RIVERSIDE BOULEVARD', u'', u'US', u'NEW YORK', u'NY', u'11069', u'03/31/2017 12:00:00 AM'])
(u'1237775', [u'2017022300994003', u'P', u'2', u'THE BOARD MANAGERS OF', u'200 RIVERSIDE BOULEVARD AT TRUMP PLACE CONDOMINIUM', u'200 RIVERSIDE BOULEVARD', u'US', u'NEW YORK', u'NY', u'10069', u'03/31/2017 12:00:00 AM'])
(u'1036608', [u'2017012600962001', u'P', u'2', u'THE DONALD J. TRUMP REVOCABLE TRUST', u'725 FIFTH AVENUE', u'', u'US', u'NEW YORK', u'NY', u'10022', u'01/31/2017 12:00:00 AM'])
(u'494693', [u'2016040700354002', u'P', u'2', u'THE BOARD OF MANAGERS OF', u'THE TRUMP PALACE CONDOMINIUM', u'200 EAST 69TH STREET', u'US', u'NEW YORK', u'NY', u'10021', u'04/30/2016 12:00:00 AM'])
(u'177257', [u'2016042501330001', u'P', u'2', u'TRUMP FINANCIAL A LIMITED LIABILITY COMPANY', u'', u'', u'', u'', u'', u'', u'04/30/2016 12:00:00 AM'])
(u'1034934', [u'2017012701324001', u'P', u'2', u'THE DONALD J. TRUMP REVOCABLE TRUST', u'725 FIFTH AVENUE', u'', u'US', u'NEW YORK', u'NY', u'10022', u'01/31/2017 12:00:00 AM'])
(u'1036972', [u'2017012601396001', u'P', u'1', u'TRUMP DONALD  J', u'725 FIFTH AVENUE', u'', u'US', u'NEW YORK', u'NY', u'10022', u'01/31/2017 12:00:00 AM'])
(u'332136', [u'2016101400420002', u'P', u'2', u'BOARD OF MANAGERS OF THE TRUMP PARC CONDOMINIUM', u'106 CENTRAL PARK SOUTH', u'', u'US', u'NEW YORK', u'NY', u'10019', u'10/31/2016 12:00:00 AM'])
(u'1131959', [u'2017020201617003', u'P', u'2', u'120 RIVERSIDE BOULEVARD AT TRUMP PLACE', u'BOARD OF MANAGERS', u'120 RIVERSIDE BOULEVARD', u'US', u'NEW YORK', u'NY', u'10069', u'02/28/2017 12:00:00 AM'])
(u'910756', [u'2016030901328003', u'P', u'2', u'200 RIVERSIDE BOULEVARD AT TRUMP PLACE', u'200 RIVERSIDE BOULEVARD', u'', u'US', u'NEW YORK', u'NY', u'10069', u'03/31/2016 12:00:00 AM'])
(u'941604', [u'2016052500936002', u'P', u'2', u'CONDOMINIUM BOARD OF TRUMP PLACE CONDOMINIUM', u'200 EAST 69TH STREET', u'', u'US', u'NEW YORK', u'NY', u'10021', u'07/31/2016 12:00:00 AM'])
(u'759782', [u'2016011401138001', u'P', u'1', u'200 RIVERSIDE BOULEVARD AT TRUMP PLACE CONDOMINIUM', u'200 RIVERSIDE BOULEVARD', u'', u'US', u'NEW YORK', u'NY', u'10069', u'01/31/2016 12:00:00 AM'])
(u'1038542', [u'2017012600851001', u'P', u'2', u'THE DONALD J. TRUMP REVOCABLE TRUST', u'725 FIFTH AVENUE', u'', u'US', u'NEW YORK', u'NY', u'10154', u'01/31/2017 12:00:00 AM'])
(u'357959', [u'2016101800813001', u'P', u'2', u'BOARD OF MANAGERS OF THE TRUMP PALACE CONDOMINIUM', u'200 EAST 69TH STREET', u'', u'US', u'NEW YORK', u'NY', u'10021', u'10/31/2016 12:00:00 AM'])
(u'23385', [u'2016110400185005', u'P', u'2', u'THE CONDOMINIUM BOARD OF TRUMP PALACE CONDOMINIUM', u'200 EAST 69TH STREET', u'', u'US', u'NEW YORK', u'NY', u'10021', u'11/30/2016 12:00:00 AM'])
(u'362889', [u'2016072001252002', u'P', u'2', u'THE CONDOMINIUM BOARD OF 220 RIVERSIDE BOULEVARD', u'AT TRUMP PLACE', u'220 RIVERSIDE BOULEVARD', u'US', u'NEW YORK', u'NY', u'10069', u'08/31/2016 12:00:00 AM'])
(u'1132383', [u'2017020600484002', u'P', u'2', u'BOARD OF MANAGERS OF THE TRUMP PALACE CONDOMINIUM', u'200 EAST 69TH STREET', u'', u'US', u'NEW YORK', u'NY', u'10065', u'02/28/2017 12:00:00 AM'])
(u'1018236', [u'2017012600674001', u'P', u'2', u'THE DONALD J. TRUMP REVOCABLE TRUST', u'725 FIFTH AVENUE', u'', u'US', u'NEW YORK', u'NY', u'10022', u'01/31/2017 12:00:00 AM'])
(u'1053235', [u'2017012000372002', u'P', u'2', u'THE BOARD OF MANAGERS 120 RIVERSIDE BOULEVARD AT', u'TRUMP PLACE  120 RIVERSIDE BLVD', u'', u'US', u'NEW YORK', u'NY', u'10069', u'01/31/2017 12:00:00 AM'])
(u'979807', [u'2016042201038002', u'P', u'2', u'220 RIVERSIDE BOULEVARD AT TRUMP PLACE', u'220 RIVERSIDE BLVD', u'', u'US', u'NEW YORK', u'NY', u'10069', u'04/30/2016 12:00:00 AM'])
(u'438720', [u'2016092300530005', u'P', u'2', u'TRUMP PLACE', u'120 RIVERSIDE BOULEVARD', u'', u'US', u'NEW YORK', u'NY', u'10069', u'09/30/2016 12:00:00 AM'])
(u'461443', [u'2016061401234001', u'P', u'2', u'BOARD OF MANAGERS OF TRUMP WORLD TOWER CONDOMINIUM', u'845 UNITED NATIONS PLAZA', u'', u'US', u'NEW YORK', u'NY', u'10017', u'07/31/2016 12:00:00 AM'])
(u'207038', [u'2016011200435001', u'P', u'1', u'TRUMP REALTY 6G LLC', u'205 EAST 68TH STREET', u'APT 6G', u'US', u'NEW YORK', u'NY', u'10065', u'01/31/2016 12:00:00 AM'])
(u'977476', [u'2016051600273001', u'P', u'1', u'502 6G LLC', u'C/O 725 FIFTH AVENUE', u'ATTN.: IVANKA TRUMP', u'US', u'NEW YORK', u'NY', u'10022', u'05/31/2016 12:00:00 AM'])
(u'658841', [u'2016020900197003', u'P', u'2', u'BOARD OF MANAGERS OF TRUMP PALACE CONDOMINIUM', u'200 EAST 69TH STREET', u'', u'US', u'NEW YORK', u'NY', u'10021', u'02/29/2016 12:00:00 AM'])
(u'1115379', [u'2017020100094001', u'P', u'2', u'BOARD OF MANAGERS OF TRUMP WORLD TOWER CONDOMINIUM', u'845 UNITED NATIONS PLAZA', u'', u'US', u'NEW YORK', u'NY', u'10017', u'02/28/2017 12:00:00 AM'])
(u'670348', [u'2016012500922003', u'P', u'2', u'BOARD OF MANAGERS OF 200 RIVERSIDE BLVD AT TRUMP P', u'200 RIVERSIDE BLVD.', u'', u'US', u'NEW YORK', u'NY', u'10069', u'02/29/2016 12:00:00 AM'])
(u'283829', [u'2016012001107001', u'P', u'1', u'TRUMP PARK AVENUE LLC', u'725 FIFTH AVENUE', u'', u'US', u'NEW YORK', u'NY', u'10022', u'01/31/2016 12:00:00 AM'])
(u'1198312', [u'2017030101257002', u'P', u'2', u'TRUMP PRESIDENTIAL INC.', u'126 LUDWIG LANCE', u'', u'US', u'STATEN ISLAND', u'NY', u'10303', u'03/31/2017 12:00:00 AM'])
(u'4936', [u'2016071300264002', u'P', u'2', u'TIHT COMMERCIAL LLC', u'C/O THE TRUMP ORGANIZATION INC.', u'725 FIFTH AVENUE', u'US', u'NEW YORK', u'NY', u'10022', u'07/31/2016 12:00:00 AM'])
(u'475310', [u'2016062002695002', u'P', u'2', u'THE CONDOMINIUM BOARD OF THE TRUMP WORLD TOWER CON', u'845 UNITED NATIONS PLAZA', u'', u'US', u'NEW YORK', u'NY', u'10017', u'07/31/2016 12:00:00 AM'])
(u'477642', [u'2016020200784003', u'P', u'2', u'THE TRUMP WORLD TOWER CONDOMINIUM BOARD OF MANAGER', u'845 UNITED NATIONS PLAZA', u'', u'US', u'NEW YORK', u'NY', u'10017', u'02/29/2016 12:00:00 AM'])
(u'1037587', [u'2017012601056001', u'P', u'1', u'TRUMP DONALD J', u'725 FIFTH AVENUE', u'', u'US', u'NEW YORK', u'NY', u'10022', u'01/31/2017 12:00:00 AM'])
(u'940074', [u'2016072000446002', u'P', u'2', u'220 RIVERSIDE BOULEVARD AT TRUMP PLACE', u'220 RIVERSIDE BOULEVARD', u'', u'US', u'NEW YORK', u'NY', u'10069', u'10/31/2016 12:00:00 AM'])
(u'899066', [u'2016050200571001', u'P', u'1', u'TRUMP VILLAGE SECTION 4 INC.', u'2928 WEST 5TH STREET', u'C/O MANAGEMENT OFFICE', u'US', u'BROOKLYN', u'NY', u'11224', u'05/31/2016 12:00:00 AM'])
(u'814052', [u'2016090100743004', u'P', u'2', u'BOARD OF MANAGERS OF', u'120 RIVERSIDE BOULEVARD AT TRUMP PLACE', u'120 RIVERSIDE BOULEVARD', u'US', u'NEW YORK', u'NY', u'10021', u'09/30/2016 12:00:00 AM'])
(u'289843', [u'2016072000201003', u'P', u'2', u'CONDOMINIUM BOARD', u'C/O THE TRUMP CORPORATION', u'725 FIFTH AVENUE 26TH FLOOR', u'US', u'NEW YORK', u'NY', u'10022', u'07/31/2016 12:00:00 AM'])
(u'1038568', [u'2017012600521001', u'P', u'1', u'TRUMP DONALD J', u'725 FIFTH AVENUE', u'', u'US', u'NEW YORK', u'NY', u'10022', u'01/31/2017 12:00:00 AM'])
(u'201735', [u'2016102500521003', u'P', u'2', u'200 RIVERSIDE BOULEVARD AT TRUMP PLACE', u'200 RIVERSIDE BOULEVARD', u'', u'US', u'NEW YORK', u'NY', u'10069', u'10/31/2016 12:00:00 AM'])
(u'369938', [u'2016062901802002', u'P', u'2', u'THE CONDOMINIUM BOARD OF TRUMP PALACE CONDOMINIUM', u'200 EAST 69TH STREET', u'', u'US', u'NEW YORK', u'NY', u'10021', u'07/31/2016 12:00:00 AM'])
(u'660927', [u'2016031600179001', u'P', u'1', u'220 RIVERSIDE BOULEVARD AT TRUMP PLACE', u'220 RIVERSIDE BOULEVARD', u'', u'US', u'NEW YORK', u'NY', u'10069', u'03/31/2016 12:00:00 AM'])
(u'984197', [u'2017012500524002', u'P', u'1', u'STRUMPH CAROLINE', u'404 EIGHT AVENUE', u'UNIT 3A', u'US', u'BROOKLYN', u'NY', u'11215', u'01/31/2017 12:00:00 AM'])
(u'474290', [u'2016102000616004', u'P', u'2', u'BOARD OF MANAGERS', u'TRUMP PLACE CONDOMINIUM', u'220 RIVERSIDE BOULEVARD', u'US', u'NEW YORK', u'NY', u'10069', u'10/31/2016 12:00:00 AM'])
(u'1060042', [u'2016123000453002', u'P', u'1', u'THE CONDOMINIUM BOARD OF TRUMP PALACE CONDOMINIUM', u'200 EAST 69TH STREET', u'', u'US', u'NEW YORK', u'NY', u'10021', u'01/31/2017 12:00:00 AM'])
(u'776738', [u'2016020900846004', u'P', u'2', u'THE CONDOMINIUM BOARD OF', u'TRUMP INTERNATIONAL HOTEL AND TOWER CONDOMINIUM', u'ONE CENTRAL PARK WEST', u'US', u'NEW YORK', u'NY', u'10023', u'04/30/2016 12:00:00 AM'])
(u'593615', [u'2016112900289003', u'P', u'2', u'TRUMP PARC CONDOMINIUM', u'106 CENTRAL PARK SOUTH', u'', u'US', u'NEW YORK', u'NY', u'00000', u'11/30/2016 12:00:00 AM'])
(u'86925', [u'2016061501532001', u'P', u'1', u'CHILL DAN S', u'25 TRUMPELDOR STREET', u'', u'IL', u'KIRYAT ONO', u'', u'', u'07/31/2016 12:00:00 AM'])
(u'466320', [u'2016030400295002', u'P', u'2', u'THE BOARD OF MANAGERS OF TRUMP PARC CONDOMINIUM', u'106 CENTRAL PARK SOUTH', u'', u'US', u'NEW YORK', u'NY', u'10019', u'03/31/2016 12:00:00 AM'])
(u'823589', [u'2016020801797003', u'P', u'1', u'BOARD OF MANAGERS OF THE TRUMP WORLD TOWER CONDO', u'845 UNITED NATIONS PLAZA', u'', u'US', u'NEW YORK', u'NY', u'10017', u'02/29/2016 12:00:00 AM'])
(u'1140239', [u'2017022700005002', u'P', u'1', u'TRUMP PARK AVENUE LLC', u'725 FIFTH AVENUE', u'', u'US', u'NEW YORK', u'NY', u'10022', u'02/28/2017 12:00:00 AM'])
(u'523535', [u'2016051101451002', u'P', u'2', u'BD OF MGR OF TRUMP PALACE CONDO', u'725 FIFTH AVENUE 26TH FLOOR', u'', u'US', u'NEW YORK', u'NY', u'10022', u'05/31/2016 12:00:00 AM'])
(u'1074389', [u'2017010600948001', u'P', u'2', u'BOARD OF MANAGERS OF TRUMP WORLD TOWER CONDOMINIUM', u'845 UNITED NATIONS PLAZA', u'', u'US', u'NEW YORK', u'NY', u'10017', u'01/31/2017 12:00:00 AM'])
(u'444977', [u'2016080800448001', u'P', u'2', u'BOARD OF MANAGERS OF TRUMP PARK CONDOMINIUM', u'106 CENTRAL PARK SOUTH', u'', u'US', u'NEW YORK', u'NY', u'10019', u'08/31/2016 12:00:00 AM'])
(u'223385', [u'2016070701284003', u'P', u'2', u'CONDOMINIUM BOARD', u'TRUMP INTERNATIONAL HOTEL AND TOWER CONDOMINIUM', u'ONE CENTRAL PARK WEST', u'US', u'NEW YORK', u'NY', u'10023', u'07/31/2016 12:00:00 AM'])
(u'1232916', [u'2017030700200003', u'P', u'2', u'CONDOMINIUM BOARD OF TRUMP PARC EAST CONDOMINIUM', u'100 CENTRAL PARK SOUTH', u'', u'US', u'NEW YORK', u'NY', u'10019', u'03/31/2017 12:00:00 AM'])
(u'461442', [u'2016061401234001', u'P', u'2', u'BOARD OF MANAGERS OF TRUMP WORLD TOWER CONDOMINIUM', u'845 UNITED NATIONS PLAZA', u'', u'US', u'NEW YORK', u'NY', u'10017', u'07/31/2016 12:00:00 AM'])
(u'108440', [u'2016090901060001', u'P', u'1', u'TRUMP DENISE', u'', u'', u'', u'', u'', u'', u'09/30/2016 12:00:00 AM'])
(u'382611', [u'2016052500946004', u'P', u'2', u'120 RIVERSIDE BOULEVARD AT TRUMP PLACE', u'120 RIVERSIDE BOULEVARD', u'', u'US', u'NEW YORK', u'NY', u'10069', u'06/30/2016 12:00:00 AM'])
(u'22442', [u'2016110800592001', u'P', u'2', u'TRUMP VILLAGE SECTION 4 INC.', u'2928 WEST 5TH STREET', u'', u'US', u'BROOKLYN', u'NY', u'11224', u'11/30/2016 12:00:00 AM'])
(u'361135', [u'2016021501816001', u'P', u'1', u'120 RIVERSIDE BOULEVARD AT TRUMP PLACE CONDOMINIUM', u'C/O AKAM ASSOCIATES INC.', u'260 MADISON AVENUE 12TH FLOOR', u'US', u'NEW YORK', u'NY', u'10016', u'03/31/2016 12:00:00 AM'])
(u'172054', [u'2016041101385003', u'P', u'2', u'BOARD MANAGERS OF TRUMP PARK AVENUE CONDOMINIUM', u'502 PARK AVENUE', u'', u'US', u'NEW YORK', u'NY', u'10022', u'04/30/2016 12:00:00 AM'])
(u'1009545', [u'2017011101103003', u'P', u'2', u'BOARD OF MGRS OF 220 RIVERSIDE BOULEVARD', u'AT TRUMP PLACE CONDOMINIUM', u'220 RIVERSIDE BOULEVARD', u'US', u'NEW YORK', u'NY', u'10069', u'01/31/2017 12:00:00 AM'])
(u'44758', [u'2016022600921002', u'P', u'2', u'BD OF MGRS OF 120 RIVERSIDE BLVD  AT TRUMP PLACE', u'120 RIVERSIDE BOULEVARD', u'', u'US', u'NEW YORK', u'NY', u'10069', u'03/31/2016 12:00:00 AM'])
(u'1001468', [u'2017010501532002', u'P', u'2', u'TRUMP PALACE CONDOMINIUM', u'200 EAST 69TH STREET', u'', u'US', u'NEW YORK', u'NY', u'10021', u'01/31/2017 12:00:00 AM'])
(u'443585', [u'2016062801628002', u'P', u'2', u'200 RIVERSIDE BOULEVARD AT TRUMP PLACE', u'200 RIVERSIDE BOULEVARD', u'', u'US', u'NEW YORK', u'NY', u'10069', u'07/31/2016 12:00:00 AM'])
(u'357824', [u'2016111800425002', u'P', u'2', u'120 RIVERSIDE BOULEVARD AT TRUMP PLACE BOARD', u'120 RIVERSIDE BLVD.', u'', u'US', u'NEW YORK', u'NY', u'10069', u'11/30/2016 12:00:00 AM'])
(u'1144592', [u'2017020800501001', u'P', u'2', u'TRUMP VILLAGE SECTION 4 INC.', u'2928 WEST 5TH STREET', u'', u'US', u'BROOKLYN', u'NY', u'11224', u'02/28/2017 12:00:00 AM'])
(u'1036936', [u'2017012700489001', u'P', u'2', u'THE DONALD J. TRUMP REVOCABLE TRUST', u'725 FIFTH AVENUE', u'', u'US', u'NEW YORK', u'NY', u'10022', u'01/31/2017 12:00:00 AM'])
(u'1031388', [u'2017011700432001', u'P', u'1', u'TRUMP PALACE / PARC LLC', u'ATTN: LEGAL DEPT.', u'725 FIFTH AVENUE', u'US', u'NEW YORK', u'NY', u'10022', u'01/31/2017 12:00:00 AM'])
(u'306138', [u'2016042800883002', u'P', u'1', u'TRUMP CPS LLC', u'725 FIFTH AVENUE', u'26TH FLOOR', u'US', u'NEW YORK', u'NY', u'10022', u'05/31/2016 12:00:00 AM'])
(u'1038569', [u'2017012600521001', u'P', u'2', u'THE DONALD J. TRUMP REVOCABLE TRUST', u'725 FIFTH AVENUE', u'', u'US', u'NEW YORK', u'NY', u'10022', u'01/31/2017 12:00:00 AM'])
(u'354915', [u'2016061401643002', u'P', u'2', u'THE TRUMP WORLD TOWER CONDOMINIUM', u'845 UNITED NATIONS PLAZA', u'', u'US', u'NEW YORK', u'NY', u'10017', u'07/31/2016 12:00:00 AM'])
(u'281754', [u'2016120901232003', u'P', u'2', u'BOARD OF MANAGERS OF THE TRUMP WORLD CONDOMINIUM', u'845 UNITED NATIONS PLAZA', u'', u'US', u'NEW YORK', u'NY', u'10017', u'12/31/2016 12:00:00 AM'])
(u'42171', [u'2016113000508001', u'P', u'2', u'BOARD OF MANAGERS OF TRUMP WORLD TOWER CONDOMINIUM', u'845 UNITED NATIONS PLAZA', u'', u'US', u'NEW YORK', u'NY', u'10017', u'11/30/2016 12:00:00 AM'])
(u'661922', [u'2016011500792006', u'P', u'1', u'NEW YORK EXPERTISE DEVELOPMENT LTD. C/O', u'JAJAN AND ASSOCIATES PLLC TRUMP BUILDING', u'40 WALL STREET 25TH FLOOR SUITE 2506', u'US', u'NEW YORK', u'NY', u'10005', u'02/29/2016 12:00:00 AM'])
(u'573795', [u'2016101200938003', u'P', u'1', u'TRUMP MAXINE', u'145 JACKSON STREET #1B', u'', u'US', u'BROOKLYN', u'NY', u'11211', u'10/31/2016 12:00:00 AM'])
(u'831983', [u'2016101300471003', u'P', u'2', u'TRUMP PLACE CONDOMINIUM - BOARD OF MANAGERS', u'200 EAST 69TH STREET', u'', u'US', u'NEW YORK', u'NY', u'10021', u'10/31/2016 12:00:00 AM'])
(u'360133', [u'2016082600138001', u'P', u'2', u'BOARD OF MANAGERS OF THE HERITAGE AT TRUMP PLACE C', u'240 RIVERSIDE BOULEVARD', u'', u'US', u'NEW YORK', u'NY', u'10023', u'08/31/2016 12:00:00 AM'])
(u'704870', [u'2016061401281001', u'P', u'2', u'BOARD OF MANAGERS OF TRUMP PARC CONDOMINIUM', u'106 CENTRAL PARK SOUTH', u'', u'US', u'NEW YORK', u'NY', u'10019', u'07/31/2016 12:00:00 AM'])
(u'910958', [u'2016062700139001', u'P', u'2', u'TRUMP FINANCIAL', u'2100 ALT. 19 NORTH', u'.', u'US', u'PALM HARBOR', u'FL', u'34683', u'07/31/2016 12:00:00 AM'])
(u'1036607', [u'2017012600962001', u'P', u'1', u'TRUMP DONALD J', u'725 FIFTH AVENUE', u'', u'US', u'NEW YORK', u'NY', u'10022', u'01/31/2017 12:00:00 AM'])
(u'647649', [u'2016011300883001', u'P', u'2', u'BOARD OF MANAGERS OF TRUMP WORLD TOWER CONDOMINIUM', u'845 UNITED NATIONS PLAZA APT 21-1', u'', u'US', u'NEW YORK', u'NY', u'10017', u'02/29/2016 12:00:00 AM'])
(u'602804', [u'2016080800666003', u'P', u'2', u'CONDOMINIUM BOARD', u'C/O THE TRUMP CORPORATION', u'725 FIFTH AVENUE 26TH FLOOR', u'US', u'NEW YORK', u'NY', u'10022', u'08/31/2016 12:00:00 AM'])
(u'844813', [u'2016062801779002', u'P', u'2', u'THE HERITAGE AT TRUMP PLACE CONDOMINIUM', u'240 RIVERSIDE BOULEVARD', u'', u'US', u'NEW YORK', u'NY', u'10060', u'07/31/2016 12:00:00 AM'])
(u'544740', [u'2016051700378003', u'P', u'2', u'BOARD OF TRUMP TOWER CONDOMINIUM', u'721 5TH AVENUE', u'', u'US', u'NEW YORK', u'NY', u'10022', u'05/31/2016 12:00:00 AM'])
(u'357759', [u'2016021801395002', u'P', u'2', u'THE HERITAGE AT TRUMP PLACE CONDOMINIUM BOARD', u'240 RIVERSIDE BOULEVARD', u'', u'US', u'NEW YORK', u'NY', u'10069', u'03/31/2016 12:00:00 AM'])
(u'1068219', [u'2017012000066001', u'P', u'1', u'TRUMP PALACE /PARC LLC', u'ATTN: LEGAL DEPT.', u'725 FIFTH AVENUE', u'US', u'NEW YORK', u'NY', u'10022', u'01/31/2017 12:00:00 AM'])
(u'1054816', [u'2016120900790002', u'P', u'2', u'TRUMP PARC IS CONDOMINIUM', u'100 CENTRAL PARK SOUTH', u'', u'US', u'NEW YORK', u'NY', u'10019', u'01/31/2017 12:00:00 AM'])
(u'2778', [u'2016101800842001', u'P', u'2', u'BOARD OF MANAGERS OF THE HERITAGE AT TRUMP PLACE C', u'240 RIVERSIDE BOULEVARD', u'', u'US', u'NEW YORK', u'NY', u'10023', u'10/31/2016 12:00:00 AM'])
(u'228653', [u'2016062300764002', u'P', u'2', u'220 RIVERSIDE BLVD AT TRUMP PLACE', u'220 RIVERSIDE BOULEVARD', u'', u'US', u'NEW YORK', u'NY', u'10069', u'07/31/2016 12:00:00 AM'])
(u'743415', [u'2016092200990001', u'P', u'1', u'BOARD OF MANAGERS OF TRUMP PARC CONDO', u'106 CENTRAL PARK SOUTH', u'', u'US', u'NEW YORK', u'NY', u'10019', u'09/30/2016 12:00:00 AM'])
(u'888712', [u'2016021501895001', u'P', u'1', u'120 RIVERSIDE BOULEVARD AT TRUMP PLACE CONDOMINIUM', u'C/O AKAM ASSOCIATES INC.', u'260 MADISON AVENUE 12TH FLOOR', u'US', u'NEW YORK', u'NY', u'10016', u'03/31/2016 12:00:00 AM'])
(u'1036935', [u'2017012700489001', u'P', u'1', u'TRUMP DONALD  J', u'725 FIFTH AVENUE', u'', u'US', u'NEW YORK', u'NY', u'10022', u'01/31/2017 12:00:00 AM'])
(u'416485', [u'2016060300870005', u'P', u'2', u'THE TRUMP WORLD TOWER CONDOMINIUM BOARD OF MANAGER', u'845 UNITED NATIONS PLAZA', u'', u'US', u'NEW YORK', u'NY', u'10017', u'07/31/2016 12:00:00 AM'])
(u'900085', [u'2016052100045002', u'P', u'2', u'BOARD MANAGERS OF TRUMP PALACE CONDOMINIUM', u'200 EAST 69TH STREET', u'', u'US', u'NEW YORK', u'NY', u'10021', u'06/30/2016 12:00:00 AM'])
(u'1010908', [u'2016121600251002', u'P', u'1', u'220 RIVERSIDE BOULEVARD AT TRUMP PALACE', u'220 RIVERSIDE BOULEVARD', u'', u'US', u'NEW YORK', u'NY', u'10069', u'01/31/2017 12:00:00 AM'])
(u'889872', [u'2016061601703003', u'P', u'2', u'CONDOMINIUM BOARD OF 220 RIVERSIDE BOULEVARD AT', u'TRUMP PLACE', u'220 RIVERSIDE BOULEVARD', u'US', u'NEW YORK', u'NY', u'10069', u'07/31/2016 12:00:00 AM'])
(u'1037952', [u'2017012301060002', u'P', u'2', u'THE TRUMP WORLD TOWER CONDOMINIUM', u'845 UNITED NATIONS PLAZA', u'', u'US', u'NEW YORK', u'NY', u'10017', u'01/31/2017 12:00:00 AM'])
(u'1099495', [u'2017022300040002', u'P', u'1', u'TRUMP PARK AVENUE LLC', u'725 FIFTH AVENUE', u'', u'US', u'NEW YORK', u'NY', u'10022', u'02/28/2017 12:00:00 AM'])
(u'648423', [u'2016020300736004', u'P', u'2', u'THE TRUMP WORLD TOWER CONDOMINIUM', u'845 UNITED NATIONS PLAZA', u'', u'US', u'NEW YORK', u'NY', u'10017', u'02/29/2016 12:00:00 AM'])
(u'179183', [u'2016062400299002', u'P', u'2', u'TRUMP PALACE CONDOMINIUM', u'200 EAST 69TH STREET', u'', u'US', u'NEW YORK', u'NY', u'10021', u'07/31/2016 12:00:00 AM'])
(u'159750', [u'2016012500856002', u'P', u'2', u'BOARD OF TRUMP PARC CONDOMINIUM', u'106 CENTRAL PARK SOUTH', u'', u'US', u'NEW YORK', u'NY', u'10019', u'02/29/2016 12:00:00 AM'])
(u'413557', [u'2016041500205001', u'P', u'2', u'THE BOARD OF MANAGERS OF TRUMP PARC CONDOMINIUM', u'106 CENTRAL PARK SOUTH', u'', u'US', u'NEW YORK', u'NY', u'10019', u'07/31/2016 12:00:00 AM'])
(u'129320', [u'2016012800624001', u'P', u'1', u'THE BOARD OF MANAGERS REPRESENTING THE RESIDENTIAL', u'UNIT OWNERS OF THE TRUMP TOWER CONDOMINIUM', u'721 FIFTH AVENUE', u'US', u'NEW YORK', u'NY', u'10022', u'02/29/2016 12:00:00 AM'])
(u'204290', [u'2016121900325002', u'P', u'2', u"THE CONDOMINIUM BOARD OF TRUMP INT'L HOTEL & TOWER", u'ONE CENTRAL PARK WEST', u'', u'US', u'NEW YORK', u'NY', u'10023', u'12/31/2016 12:00:00 AM'])
(u'1140099', [u'2017022700005001', u'P', u'2', u'TRUMP PARK AVENUE LLC', u'725 FIFTH AVENUE', u'', u'US', u'NEW YORK', u'NY', u'10022', u'02/28/2017 12:00:00 AM'])
(u'646308', [u'2016040100449001', u'P', u'1', u'220 RIVERSIDE BOULEVARD AT TRUMP PLACE CONDOMINIUM', u'220 RIVERSIDE BOULEVARD', u'', u'US', u'NEW YORK', u'NY', u'10069', u'04/30/2016 12:00:00 AM'])
(u'59312', [u'2016050400597001', u'P', u'2', u'RESIDENTIAL BOARD OF MANAGERS OF TRUMP TOWER CONDO', u'725 FIFTH AVENUE', u'', u'US', u'NEW YORK', u'NY', u'10022', u'05/31/2016 12:00:00 AM'])
(u'1085653', [u'2017022201536001', u'P', u'1', u'MACARI JOHN', u'307 TRUMP PARK', u'', u'US', u'SHRUB OAK', u'NY', u'10588', u'02/28/2017 12:00:00 AM'])
(u'1026416', [u'2017012300832001', u'P', u'2', u'BD OF MANAGERS OF 120 RIVERSIDE BLVD @ TRUMP PLACE', u'C/O AKAM ASSOCIATES INC.', u'260 MADISON AVENUE 12TH FLOOR', u'US', u'NEW YORK', u'NY', u'10016', u'01/31/2017 12:00:00 AM'])
(u'950933', [u'2016041500154001', u'P', u'2', u'THE BOARD OF MANAGERS OF TRUMP PARK CONDOMINIUM', u'106 CENTRAL PARK SOUTH', u'', u'US', u'NEW YORK', u'NY', u'10019', u'07/31/2016 12:00:00 AM'])
(u'818440', [u'2016050300753004', u'P', u'2', u'120 RIVERSIDE BOULEVARD AT TRUMP PLACE BOARD OF', u'MANAGERS', u'120 RIVERSIDE BOULEVARD', u'US', u'NEW YORK', u'NY', u'10069', u'05/31/2016 12:00:00 AM'])
(u'203813', [u'2016040100232002', u'P', u'2', u'BOARD OF MANAGERS OF THE TRUMP TOWER CONDOMINIUM', u'721 FIFTH AVE', u'', u'US', u'NEW YORK', u'NY', u'10022', u'04/30/2016 12:00:00 AM'])
(u'1062939', [u'2017010400315002', u'P', u'1', u'TRUMP VILLAGE SECTION 3 INC.', u'2915 WEST 5TH STREET', u'', u'US', u'BROOKLYN', u'NY', u'11224', u'01/31/2017 12:00:00 AM'])
(u'1134214', [u'2017020900210003', u'P', u'2', u'TRUMP PALACE CONDOMINIUM BOARD OF MANAGERS', u'200 EAST 69TH STREET', u'', u'US', u'NEW YORK', u'NY', u'10021', u'02/28/2017 12:00:00 AM'])
(u'1001466', [u'2017010501532003', u'P', u'2', u'TRUMP PALACE CONDOMINIUM', u'200 EAST 69TH STREET', u'', u'US', u'NEW YORK', u'NY', u'10021', u'01/31/2017 12:00:00 AM'])
(u'336616', [u'2016012001107002', u'P', u'2', u'BOARD OF MANGERS OF THE TRUMP PARK AVENUE CONDO', u'502  PARK AVENUE', u'', u'US', u'NEW YORK', u'NY', u'10022', u'01/31/2016 12:00:00 AM'])
(u'489525', [u'2016120800843003', u'P', u'2', u'THE TRUMP WORLD TOWER CONDOMINIUM BOARD', u'845 UNITED NATIONS PLAZA', u'', u'US', u'NEW YORK', u'NY', u'10017', u'12/31/2016 12:00:00 AM'])
(u'1048599', [u'2017012700210002', u'P', u'2', u'BOARD OF MANAGERS OF THE 220 RIVERSIDE BOULEVARD', u'AT TRUMP PLACE CONDOMINIUM', u'220 RIVERSIDE BOULEVARD', u'US', u'NEW YORK', u'NY', u'10069', u'01/31/2017 12:00:00 AM'])
(u'66141', [u'2016061501483004', u'P', u'2', u'B/O/M 120 RIVERSIDE BOULEVARD AT TRUMP PLACE', u'120 RIVERSIDE BOULEVARD', u'', u'US', u'NEW YORK', u'NY', u'10069', u'07/31/2016 12:00:00 AM'])
(u'1037588', [u'2017012601056001', u'P', u'2', u'THE DONALD J. TRUMP REVOCABLE TRUST', u'725 FIFTH AVENUE', u'', u'US', u'NEW YORK', u'NY', u'10022', u'01/31/2017 12:00:00 AM'])
(u'1133220', [u'2017022300040003', u'P', u'2', u'BOARD OF MANAGERS OF THE TRUMP PARK AVENUE CONDO', u'502 PARK AVENUE', u'', u'US', u'NEW YORK', u'NY', u'10022', u'02/28/2017 12:00:00 AM'])
(u'1240773', [u'2017030201196003', u'P', u'2', u'CONDOMINIUM BOARD OF THE TRUMP PARC EAST', u'CONDOMINIUM', u'100 CENTRAL PARK SOUTH', u'US', u'NEW YORK', u'NY', u'10019', u'03/31/2017 12:00:00 AM'])
(u'877232', [u'2016020101091001', u'P', u'2', u'THE HERITAGE AT TRUMP PLACE CONDOMINIUM', u'240 RIVERSIDE BOULEVARD', u'', u'US', u'NEW YORK', u'NY', u'10069', u'02/29/2016 12:00:00 AM'])
(u'1229136', [u'2017032000372002', u'P', u'2', u'BOARD OF MANAGERS 200 RIVERSIDE BOULEVARD AT TRUMP', u'PLACE', u'200 RIVERSIDE BOULEVARD', u'US', u'NEW YORK', u'NY', u'10069', u'03/31/2017 12:00:00 AM'])
(u'437557', [u'2016072200462003', u'P', u'2', u'TRUMP TOWER CONDOMINIUM', u'771 5TH AVENUE', u'', u'US', u'NEW YORK', u'NY', u'10022', u'07/31/2016 12:00:00 AM'])
